gvkey,datadate,fyear,indfmt,consol,popsrc,datafmt,tic,curcd,costat,ggroup
1004,20210531,2020,INDL,C,D,STD,AIR,USD,A,2010
1045,20211231,2021,INDL,C,D,STD,AAL,USD,A,2030
1075,20211231,2021,INDL,C,D,STD,PNW,USD,A,5510
1078,20211231,2021,INDL,C,D,STD,ABT,USD,A,3510
1161,20211231,2021,INDL,C,D,STD,AMD,USD,A,4530
1209,20210930,2021,INDL,C,D,STD,APD,USD,A,1510
1230,20211231,2021,INDL,C,D,STD,ALK,USD,A,2030
1234,20211231,2021,INDL,C,D,STD,ATRI,USD,A,3510
1254,20211231,2021,INDL,C,D,STD,MATX,USD,A,2030
1257,20211231,2021,INDL,C,D,STD,ALX,USD,A,6010
1300,20211231,2021,INDL,C,D,STD,HON,USD,A,2010
1327,20210930,2021,INDL,C,D,STD,SWKS,USD,A,4530
1380,20211231,2021,INDL,C,D,STD,HES,USD,A,1010
1410,20211031,2021,INDL,C,D,STD,ABM,USD,A,2020
1414,20211231,2021,INDL,C,D,STD,PRI,USD,A,4030
1439,20211231,2021,INDL,C,D,STD,ECOL,USD,A,2020
1440,20211231,2021,INDL,C,D,STD,AEP,USD,A,5510
1447,20211231,2021,INDL,C,D,STD,AXP,USD,A,4020
1449,20211231,2021,INDL,C,D,STD,AFL,USD,A,4030
1487,20211231,2021,INDL,C,D,STD,AIG,USD,A,4030
1526,20211231,2021,INDL,C,D,STD,ANAT,USD,A,4030
1562,20210430,2020,INDL,C,D,STD,AMSWA,USD,A,4510
1585,20211231,2021,INDL,C,D,STD,AVD,USD,A,1510
1598,20211231,2021,INDL,C,D,STD,AME,USD,A,2010
1602,20211231,2021,INDL,C,D,STD,AMGN,USD,A,3520
1632,20211031,2021,INDL,C,D,STD,ADI,USD,A,4530
1659,20211231,2021,INDL,C,D,STD,ANDE,USD,A,3010
1661,20211231,2021,INDL,C,D,STD,NBR,USD,A,1010
1678,20211231,2021,INDL,C,D,STD,APA,USD,A,1010
1686,20210228,2020,INDL,C,D,STD,APOG,USD,A,2010
1690,20210930,2021,INDL,C,D,STD,AAPL,USD,A,4520
1704,20211031,2021,INDL,C,D,STD,AMAT,USD,A,4530
1722,20211231,2021,INDL,C,D,STD,ADM,USD,A,3020
1743,20211231,2021,INDL,C,D,STD,ARCB,USD,A,2030
1773,20211231,2021,INDL,C,D,STD,ARW,USD,A,4520
1794,20210930,2021,INDL,C,D,STD,ASH,USD,A,1510
1823,20211231,2021,INDL,C,D,STD,ATRO,USD,A,2010
1864,20210131,2020,INDL,C,D,STD,REX,USD,A,1010
1878,20210131,2020,INDL,C,D,STD,ADSK,USD,A,4510
1891,20210630,2021,INDL,C,D,STD,ADP,USD,A,4510
1913,20211231,2021,INDL,C,D,STD,AVY,USD,A,1510
1919,20210630,2021,INDL,C,D,STD,AVT,USD,A,4520
1926,20210228,2020,INDL,C,D,STD,AZZ,USD,A,2010
1968,20211231,2021,INDL,C,D,STD,BMI,USD,A,4520
1979,20211231,2021,INDL,C,D,STD,BCPC,USD,A,1510
1988,20211231,2021,INDL,C,D,STD,BLL,USD,A,1510
2002,20211231,2021,INDL,C,D,STD,BPOP,USD,A,4010
2005,20211231,2021,INDL,C,D,STD,BOH,USD,A,4010
2019,20211231,2021,INDL,C,D,STD,BK,USD,A,4020
2049,20211231,2021,INDL,C,D,STD,B,USD,A,2010
2086,20211231,2021,INDL,C,D,STD,BAX,USD,A,3510
2101,20210630,2021,INDL,C,D,STD,AIT,USD,A,2010
2111,20210930,2021,INDL,C,D,STD,BDX,USD,A,3510
2136,20211231,2021,INDL,C,D,STD,VZ,USD,A,5010
2184,20210131,2020,INDL,C,D,STD,BBY,USD,A,2550
2259,20211231,2021,INDL,C,D,STD,BKH,USD,A,5510
2269,20210430,2020,INDL,C,D,STD,HRB,USD,A,2530
2285,20211231,2021,INDL,C,D,STD,BA,USD,A,2010
2312,20211231,2021,INDL,C,D,STD,RHI,USD,A,2020
2352,20210731,2021,INDL,C,D,STD,BRC,USD,A,2020
2403,20211231,2021,INDL,C,D,STD,BMY,USD,A,3520
2436,20210131,2020,INDL,C,D,STD,CAL,USD,A,2550
2444,20211231,2021,INDL,C,D,STD,BC,USD,A,2520
2448,20211231,2021,INDL,C,D,STD,MTRN,USD,A,1510
2497,20211231,2021,INDL,C,D,STD,MTZ,USD,A,2010
2504,20211231,2021,INDL,C,D,STD,UIS,USD,A,4510
2547,20211231,2021,INDL,C,D,STD,CI,USD,A,3510
2558,20211231,2021,INDL,C,D,STD,CNA,USD,A,4030
2574,20211231,2021,INDL,C,D,STD,CSX,USD,A,2030
2577,20211231,2021,INDL,C,D,STD,CTS,USD,A,4520
2593,20210930,2021,INDL,C,D,STD,CBT,USD,A,1510
2596,20210630,2021,INDL,C,D,STD,CACI,USD,A,2020
2615,20210228,2020,INDL,C,D,STD,CAMP,USD,A,4520
2628,20211231,2021,INDL,C,D,STD,CWT,USD,A,5510
2663,20210731,2021,INDL,C,D,STD,CPB,USD,A,3020
2751,20210630,2021,INDL,C,D,STD,CAH,USD,A,3510
2771,20211231,2021,INDL,C,D,STD,CSL,USD,A,2010
2787,20210630,2021,INDL,C,D,STD,CRS,USD,A,1510
2807,20210430,2020,INDL,C,D,STD,CASY,USD,A,3010
2817,20211231,2021,INDL,C,D,STD,CAT,USD,A,2010
2818,20210131,2020,INDL,C,D,STD,CATO,USD,A,2550
2820,20210331,2020,INDL,C,D,STD,CVCO,USD,A,2520
2960,20211231,2021,INDL,C,D,STD,CHE,USD,A,3510
2968,20211231,2021,INDL,C,D,STD,JPM,USD,A,4010
2986,20211231,2021,INDL,C,D,STD,CPK,USD,A,5510
2991,20211231,2021,INDL,C,D,STD,CVX,USD,A,1010
3007,20210630,2021,INDL,C,D,STD,EAT,USD,A,2530
3026,20211231,2021,INDL,C,D,STD,CHD,USD,A,3030
3028,20211231,2021,INDL,C,D,STD,CHDN,USD,A,2530
3062,20210531,2020,INDL,C,D,STD,CTAS,USD,A,2020
3107,20211231,2021,INDL,C,D,STD,CLF,USD,A,1510
3121,20210630,2021,INDL,C,D,STD,CLX,USD,A,3030
3138,20211231,2021,INDL,C,D,STD,COKE,USD,A,3020
3144,20211231,2021,INDL,C,D,STD,KO,USD,A,3020
3153,20211231,2021,INDL,C,D,STD,CDE,USD,A,1510
3157,20210930,2021,INDL,C,D,STD,COHR,USD,A,4520
3158,20211231,2021,INDL,C,D,STD,COHU,USD,A,4530
3170,20211231,2021,INDL,C,D,STD,CL,USD,A,3030
3203,20210831,2021,INDL,C,D,STD,CCF,USD,A,1510
3221,20211231,2021,INDL,C,D,STD,AON,USD,A,4030
3226,20211231,2021,INDL,C,D,STD,CMCSA,USD,A,5020
3231,20211231,2021,INDL,C,D,STD,CMA,USD,A,4010
3238,20211231,2021,INDL,C,D,STD,CBSH,USD,A,4010
3243,20211231,2021,INDL,C,D,STD,C,USD,A,4010
3246,20210831,2021,INDL,C,D,STD,CMC,USD,A,1510
3278,20211231,2021,INDL,C,D,STD,CAR,USD,A,2030
3358,20210731,2021,INDL,C,D,STD,CMTL,USD,A,4520
3362,20210531,2020,INDL,C,D,STD,CAG,USD,A,3020
3382,20211231,2021,INDL,C,D,STD,SSTK,USD,A,2550
3413,20211231,2021,INDL,C,D,STD,ED,USD,A,5510
3429,20211231,2021,INDL,C,D,STD,CTO,USD,A,6010
3439,20211231,2021,INDL,C,D,STD,CMS,USD,A,5510
3469,20211231,2021,INDL,C,D,STD,CLR,USD,A,1010
3504,20211031,2021,INDL,C,D,STD,COO,USD,A,3510
3532,20211231,2021,INDL,C,D,STD,GLW,USD,A,4520
3562,20211231,2021,INDL,C,D,STD,CUZ,USD,A,6010
3570,20210731,2021,INDL,C,D,STD,CBRL,USD,A,2530
3580,20211231,2021,INDL,C,D,STD,CR,USD,A,2010
3592,20211231,2021,INDL,C,D,STD,OMF,USD,A,4020
3619,20211231,2021,INDL,C,D,STD,CCK,USD,A,1510
3643,20211231,2021,INDL,C,D,STD,CFR,USD,A,4010
3650,20211231,2021,INDL,C,D,STD,CMI,USD,A,2010
3662,20211231,2021,INDL,C,D,STD,CW,USD,A,2010
3708,20211231,2021,INDL,C,D,STD,WEN,USD,A,2530
3734,20211231,2021,INDL,C,D,STD,DAN,USD,A,2510
3735,20211231,2021,INDL,C,D,STD,DHR,USD,A,3520
3813,20210131,2020,INDL,C,D,STD,TGT,USD,A,2550
3835,20211031,2021,INDL,C,D,STD,DE,USD,A,2010
3851,20211231,2021,INDL,C,D,STD,DAL,USD,A,2030
3863,20211231,2021,INDL,C,D,STD,DLX,USD,A,2020
3897,20211231,2021,INDL,C,D,STD,DTE,USD,A,5510
3946,20211231,2021,INDL,C,D,STD,DBD,USD,A,4520
3964,20210131,2020,INDL,C,D,STD,DDS,USD,A,2550
3969,20211231,2021,INDL,C,D,STD,DIOD,USD,A,4530
3980,20210930,2021,INDL,C,D,STD,DIS,USD,A,5020
4016,20210131,2020,INDL,C,D,STD,DG,USD,A,2550
4029,20211231,2021,INDL,C,D,STD,D,USD,A,5510
4036,20210731,2021,INDL,C,D,STD,DCI,USD,A,2010
4058,20211231,2021,INDL,C,D,STD,DOV,USD,A,2010
4066,20211231,2021,INDL,C,D,STD,OMC,USD,A,5020
4091,20211231,2021,INDL,C,D,STD,DCO,USD,A,2010
4093,20211231,2021,INDL,C,D,STD,DUK,USD,A,5510
4108,20211231,2021,INDL,C,D,STD,FLS,USD,A,2010
4115,20210131,2020,INDL,C,D,STD,DY,USD,A,2010
4145,20211231,2021,INDL,C,D,STD,PKI,USD,A,3520
4193,20211231,2021,INDL,C,D,STD,EGP,USD,A,6010
4194,20211231,2021,INDL,C,D,STD,KODK,USD,A,4520
4199,20211231,2021,INDL,C,D,STD,ETN,USD,A,2010
4213,20211231,2021,INDL,C,D,STD,ECL,USD,A,1510
4321,20210930,2021,INDL,C,D,STD,EMR,USD,A,2010
4383,20210930,2021,INDL,C,D,STD,ATO,USD,A,5510
4384,20211231,2021,INDL,C,D,STD,MARA,USD,A,4510
4390,20210228,2020,INDL,C,D,STD,EBF,USD,A,2020
4423,20211231,2021,INDL,C,D,STD,EFX,USD,A,2020
4430,20211231,2021,INDL,C,D,STD,EQT,USD,A,1010
4462,20211231,2021,INDL,C,D,STD,NEU,USD,A,1510
4494,20211231,2021,INDL,C,D,STD,EXPD,USD,A,2030
4497,20211231,2021,INDL,C,D,STD,BOOM,USD,A,1010
4498,20210930,2021,INDL,C,D,STD,IIIN,USD,A,2010
4510,20211231,2021,INDL,C,D,STD,FMC,USD,A,1510
4517,20211231,2021,INDL,C,D,STD,NEE,USD,A,5510
4598,20210531,2020,INDL,C,D,STD,FDX,USD,A,2030
4605,20211231,2021,INDL,C,D,STD,FRT,USD,A,6010
4608,20211231,2021,INDL,C,D,STD,FSS,USD,A,2010
4611,20210131,2020,INDL,C,D,STD,M,USD,A,2550
4622,20211231,2021,INDL,C,D,STD,FOE,USD,A,1510
4640,20211231,2021,INDL,C,D,STD,FITB,USD,A,4010
4674,20211231,2021,INDL,C,D,STD,RF,USD,A,4010
4685,20211231,2021,INDL,C,D,STD,TRMK,USD,A,4010
4690,20211231,2021,INDL,C,D,STD,FCNCA,USD,A,4010
4699,20211231,2021,INDL,C,D,STD,MTB,USD,A,4010
4723,20211231,2021,INDL,C,D,STD,USB,USD,A,4010
4737,20211231,2021,INDL,C,D,STD,FHN,USD,A,4010
4809,20211231,2021,INDL,C,D,STD,FLO,USD,A,3020
4818,20211231,2021,INDL,C,D,STD,FLR,USD,A,2010
4839,20211231,2021,INDL,C,D,STD,F,USD,A,2510
4881,20211231,2021,INDL,C,D,STD,FELE,USD,A,2010
4885,20210930,2021,INDL,C,D,STD,BEN,USD,A,4020
4926,20211130,2021,INDL,C,D,STD,FUL,USD,A,1510
4941,20211231,2021,INDL,C,D,STD,GATX,USD,A,2010
4973,20211231,2021,INDL,C,D,STD,AJG,USD,A,4030
4988,20211231,2021,INDL,C,D,STD,TGNA,USD,A,5020
4990,20210131,2020,INDL,C,D,STD,GPS,USD,A,2550
5018,20211231,2021,INDL,C,D,STD,AJRD,USD,A,2010
5046,20211231,2021,INDL,C,D,STD,GD,USD,A,2010
5047,20211231,2021,INDL,C,D,STD,GE,USD,A,2010
5071,20210531,2020,INDL,C,D,STD,GIS,USD,A,3020
5072,20211231,2021,INDL,C,D,STD,ALLY,USD,A,4020
5073,20211231,2021,INDL,C,D,STD,GM,USD,A,2510
5087,20211231,2021,INDL,C,D,STD,SPXC,USD,A,2010
5109,20210131,2020,INDL,C,D,STD,GCO,USD,A,2550
5116,20211231,2021,INDL,C,D,STD,GNTX,USD,A,2510
5125,20211231,2021,INDL,C,D,STD,GPC,USD,A,2550
5149,20211231,2021,INDL,C,D,STD,GTY,USD,A,6010
5179,20211231,2021,INDL,C,D,STD,GLT,USD,A,1510
5234,20211231,2021,INDL,C,D,STD,GT,USD,A,2510
5237,20211231,2021,INDL,C,D,STD,GRC,USD,A,2010
5252,20211231,2021,INDL,C,D,STD,GGG,USD,A,2010
5256,20211231,2021,INDL,C,D,STD,GWW,USD,A,2010
5342,20211231,2021,INDL,C,D,STD,MGI,USD,A,4510
5439,20211231,2021,INDL,C,D,STD,HAL,USD,A,1010
5496,20211231,2021,INDL,C,D,STD,HSC,USD,A,2020
5518,20211231,2021,INDL,C,D,STD,HAS,USD,A,2520
5520,20211231,2021,INDL,C,D,STD,AMOT,USD,A,2010
5526,20211231,2021,INDL,C,D,STD,HE,USD,A,5510
5530,20210331,2020,INDL,C,D,STD,HWKN,USD,A,1510
5539,20211231,2021,INDL,C,D,STD,HCSG,USD,A,2020
5559,20211231,2021,INDL,C,D,STD,STRL,USD,A,2010
5560,20211231,2021,INDL,C,D,STD,HL,USD,A,1510
5568,20211231,2021,INDL,C,D,STD,KHC,USD,A,3020
5572,20210228,2020,INDL,C,D,STD,HELE,USD,A,2520
5581,20210930,2021,INDL,C,D,STD,HP,USD,A,1010
5597,20211231,2021,INDL,C,D,STD,HSY,USD,A,3020
5606,20211031,2021,INDL,C,D,STD,HPQ,USD,A,4520
5608,20211231,2021,INDL,C,D,STD,HXL,USD,A,2010
5643,20211231,2021,INDL,C,D,STD,HLT,USD,A,2530
5680,20210131,2020,INDL,C,D,STD,HD,USD,A,2550
5690,20211231,2021,INDL,C,D,STD,HNI,USD,A,2020
5709,20211031,2021,INDL,C,D,STD,HRL,USD,A,3020
5742,20211231,2021,INDL,C,D,STD,CNP,USD,A,5510
5750,20211031,2021,INDL,C,D,STD,HOV,USD,A,2520
5763,20211031,2021,INDL,C,D,STD,UBA,USD,A,6010
5764,20211231,2021,INDL,C,D,STD,HUBB,USD,A,2010
5783,20211231,2021,INDL,C,D,STD,JBHT,USD,A,2030
5786,20211231,2021,INDL,C,D,STD,HBAN,USD,A,4010
5860,20211231,2021,INDL,C,D,STD,ITT,USD,A,2010
5870,20211231,2021,INDL,C,D,STD,IDA,USD,A,5510
5878,20211231,2021,INDL,C,D,STD,ITW,USD,A,2010
5968,20211231,2021,INDL,C,D,STD,RYI,USD,A,1510
5987,20210930,2021,INDL,C,D,STD,GFF,USD,A,2010
6008,20211231,2021,INDL,C,D,STD,INTC,USD,A,4530
6066,20211231,2021,INDL,C,D,STD,IBM,USD,A,4510
6078,20211231,2021,INDL,C,D,STD,IFF,USD,A,1510
6100,20211231,2021,INDL,C,D,STD,IDCC,USD,A,4510
6104,20211231,2021,INDL,C,D,STD,IP,USD,A,1510
6136,20211231,2021,INDL,C,D,STD,IPG,USD,A,5020
6223,20211231,2021,INDL,C,D,STD,EME,USD,A,2010
6266,20211231,2021,INDL,C,D,STD,JNJ,USD,A,3520
6268,20210930,2021,INDL,C,D,STD,JCI,USD,A,2010
6304,20210630,2021,INDL,C,D,STD,KLAC,USD,A,4530
6310,20211231,2021,INDL,C,D,STD,KMI,USD,A,1010
6326,20211231,2021,INDL,C,D,STD,KAMN,USD,A,2010
6375,20211231,2021,INDL,C,D,STD,K,USD,A,3020
6379,20211231,2021,INDL,C,D,STD,KELYA,USD,A,2020
6386,20210630,2021,INDL,C,D,STD,KMT,USD,A,2010
6433,20210630,2021,INDL,C,D,STD,KBAL,USD,A,2020
6435,20211231,2021,INDL,C,D,STD,KMB,USD,A,3030
6461,20211231,2021,INDL,C,D,STD,KEX,USD,A,2030
6502,20210131,2020,INDL,C,D,STD,KR,USD,A,3010
6509,20210930,2021,INDL,C,D,STD,KLIC,USD,A,4530
6543,20210430,2020,INDL,C,D,STD,LZB,USD,A,2520
6547,20210930,2021,INDL,C,D,STD,SR,USD,A,5510
6565,20210630,2021,INDL,C,D,STD,LRCX,USD,A,4530
6573,20210630,2021,INDL,C,D,STD,LANC,USD,A,3020
6649,20211231,2021,INDL,C,D,STD,LEG,USD,A,2520
6730,20211231,2021,INDL,C,D,STD,LLY,USD,A,3520
6737,20211231,2021,INDL,C,D,STD,LECO,USD,A,2010
6742,20211231,2021,INDL,C,D,STD,LNC,USD,A,4030
6774,20211231,2021,INDL,C,D,STD,LMT,USD,A,2010
6781,20211231,2021,INDL,C,D,STD,L,USD,A,4030
6821,20211231,2021,INDL,C,D,STD,LPX,USD,A,1510
6829,20210131,2020,INDL,C,D,STD,LOW,USD,A,2550
6865,20211231,2021,INDL,C,D,STD,MDC,USD,A,2520
6867,20211231,2021,INDL,C,D,STD,MDU,USD,A,2010
6932,20211231,2021,INDL,C,D,STD,MGEE,USD,A,5510
6994,20211231,2021,INDL,C,D,STD,MTW,USD,A,2010
7017,20211231,2021,INDL,C,D,STD,MRO,USD,A,1010
7022,20211231,2021,INDL,C,D,STD,MCS,USD,A,5020
7063,20211231,2021,INDL,C,D,STD,HST,USD,A,6010
7065,20211231,2021,INDL,C,D,STD,MMC,USD,A,4030
7085,20211231,2021,INDL,C,D,STD,MAS,USD,A,2010
7116,20211231,2021,INDL,C,D,STD,MAT,USD,A,2520
7154,20211231,2021,INDL,C,D,STD,MCD,USD,A,2530
7161,20211231,2021,INDL,C,D,STD,MGRC,USD,A,2010
7163,20211231,2021,INDL,C,D,STD,SPGI,USD,A,4020
7171,20210331,2020,INDL,C,D,STD,MCK,USD,A,3510
7228,20210430,2020,INDL,C,D,STD,MDT,USD,A,3510
7241,20211231,2021,INDL,C,D,STD,CVS,USD,A,3510
7257,20211231,2021,INDL,C,D,STD,MRK,USD,A,3520
7275,20210331,2020,INDL,C,D,STD,MLAB,USD,A,3510
7291,20210430,2020,INDL,C,D,STD,MEI,USD,A,4520
7343,20210831,2021,INDL,C,D,STD,MU,USD,A,4530
7366,20211231,2021,INDL,C,D,STD,ETR,USD,A,5510
7368,20211231,2021,INDL,C,D,STD,MSEX,USD,A,5510
7420,20211231,2021,INDL,C,D,STD,MSA,USD,A,2020
7435,20211231,2021,INDL,C,D,STD,MMM,USD,A,2010
7437,20211231,2021,INDL,C,D,STD,ALE,USD,A,5510
7486,20210331,2020,INDL,C,D,STD,MOD,USD,A,2510
7526,20211231,2021,INDL,C,D,STD,QDEL,USD,A,3510
7585,20211231,2021,INDL,C,D,STD,MSI,USD,A,4520
7620,20211231,2021,INDL,C,D,STD,MUR,USD,A,1010
7636,20211231,2021,INDL,C,D,STD,MYE,USD,A,1510
7647,20211231,2021,INDL,C,D,STD,BAC,USD,A,4010
7648,20211231,2021,INDL,C,D,STD,NCR,USD,A,4510
7685,20210630,2021,INDL,C,D,STD,NSSC,USD,A,4520
7733,20210930,2021,INDL,C,D,STD,NFG,USD,A,5510
7741,20211231,2021,INDL,C,D,STD,NHC,USD,A,3510
7750,20211231,2021,INDL,C,D,STD,THC,USD,A,3510
7762,20211231,2021,INDL,C,D,STD,NPK,USD,A,2010
7849,20210930,2021,INDL,C,D,STD,NJR,USD,A,5510
7866,20211231,2021,INDL,C,D,STD,NYT,USD,A,5020
7875,20211231,2021,INDL,C,D,STD,NWL,USD,A,2520
7881,20211231,2021,INDL,C,D,STD,NEM,USD,A,1510
7882,20211231,2021,INDL,C,D,STD,NR,USD,A,1010
7906,20210531,2020,INDL,C,D,STD,NKE,USD,A,2520
7921,20211031,2021,INDL,C,D,STD,NDSN,USD,A,2010
7922,20210131,2020,INDL,C,D,STD,JWN,USD,A,2550
7923,20211231,2021,INDL,C,D,STD,NSC,USD,A,2030
7951,20210131,2020,INDL,C,D,STD,MOV,USD,A,2520
7970,20211231,2021,INDL,C,D,STD,ES,USD,A,5510
7974,20211231,2021,INDL,C,D,STD,NI,USD,A,5510
7977,20211231,2021,INDL,C,D,STD,XEL,USD,A,5510
7982,20211231,2021,INDL,C,D,STD,NTRS,USD,A,4020
7985,20211231,2021,INDL,C,D,STD,NOC,USD,A,2010
7991,20211231,2021,INDL,C,D,STD,TEX,USD,A,2010
7993,20211231,2021,INDL,C,D,STD,NWN,USD,A,5510
8001,20211231,2021,INDL,C,D,STD,NWE,USD,A,5510
8007,20211231,2021,INDL,C,D,STD,WFC,USD,A,4010
8030,20211231,2021,INDL,C,D,STD,NUE,USD,A,1510
8068,20211231,2021,INDL,C,D,STD,OXY,USD,A,1010
8079,20211231,2021,INDL,C,D,STD,OII,USD,A,1010
8099,20211231,2021,INDL,C,D,STD,FE,USD,A,5510
8113,20211231,2021,INDL,C,D,STD,OGE,USD,A,5510
8123,20211231,2021,INDL,C,D,STD,OLN,USD,A,1510
8148,20211231,2021,INDL,C,D,STD,OLP,USD,A,6010
8151,20211231,2021,INDL,C,D,STD,OKE,USD,A,1010
8199,20211231,2021,INDL,C,D,STD,OTTR,USD,A,5510
8213,20211231,2021,INDL,C,D,STD,OMI,USD,A,3510
8214,20211231,2021,INDL,C,D,STD,OC,USD,A,2010
8215,20211231,2021,INDL,C,D,STD,OI,USD,A,1510
8219,20210131,2020,INDL,C,D,STD,OXM,USD,A,2520
8245,20211231,2021,INDL,C,D,STD,PNC,USD,A,4010
8247,20211231,2021,INDL,C,D,STD,PPG,USD,A,1510
8253,20211231,2021,INDL,C,D,STD,PCAR,USD,A,2010
8264,20211231,2021,INDL,C,D,STD,PCG,USD,A,5510
8272,20211231,2021,INDL,C,D,STD,SRE,USD,A,5510
8334,20211231,2021,INDL,C,D,STD,PAR,USD,A,4520
8348,20210228,2020,INDL,C,D,STD,PKE,USD,A,2010
8358,20210630,2021,INDL,C,D,STD,PH,USD,A,2010
8386,20211231,2021,INDL,C,D,STD,PATK,USD,A,2510
8402,20210531,2020,INDL,C,D,STD,PAYX,USD,A,4510
8431,20211231,2021,INDL,C,D,STD,AFG,USD,A,4030
8455,20211231,2021,INDL,C,D,STD,PPL,USD,A,5510
8463,20211231,2021,INDL,C,D,STD,PNR,USD,A,2010
8479,20211231,2021,INDL,C,D,STD,PEP,USD,A,3020
8486,20211231,2021,INDL,C,D,STD,TPC,USD,A,2010
8512,20211231,2021,INDL,C,D,STD,PDCE,USD,A,1010
8530,20211231,2021,INDL,C,D,STD,PFE,USD,A,3520
8539,20211231,2021,INDL,C,D,STD,EXC,USD,A,5510
8543,20211231,2021,INDL,C,D,STD,MO,USD,A,3020
8549,20211231,2021,INDL,C,D,STD,COP,USD,A,1010
8551,20210131,2020,INDL,C,D,STD,PVH,USD,A,2520
8582,20210331,2020,INDL,C,D,STD,SENEA,USD,A,3020
8599,20210331,2020,INDL,C,D,STD,AGYS,USD,A,4510
8606,20211231,2021,INDL,C,D,STD,PBI,USD,A,2020
8692,20211231,2021,INDL,C,D,STD,PCH,USD,A,6010
8762,20210630,2021,INDL,C,D,STD,PG,USD,A,3030
8807,20211231,2021,INDL,C,D,STD,PNM,USD,A,5510
8810,20211231,2021,INDL,C,D,STD,PEG,USD,A,5510
8823,20211231,2021,INDL,C,D,STD,PHM,USD,A,2520
8826,20210831,2021,INDL,C,D,STD,PCYO,USD,A,5510
8832,20210131,2020,INDL,C,D,STD,AGX,USD,A,2010
8850,20211231,2021,INDL,C,D,STD,KWR,USD,A,1510
8898,20210930,2021,INDL,C,D,STD,RJF,USD,A,4020
8901,20211231,2021,INDL,C,D,STD,RES,USD,A,1010
8902,20210531,2020,INDL,C,D,STD,RPM,USD,A,1510
9063,20211231,2021,INDL,C,D,STD,AN,USD,A,2550
9155,20210228,2020,INDL,C,D,STD,RAD,USD,A,3010
9203,20210930,2021,INDL,C,D,STD,ROK,USD,A,2010
9216,20211231,2021,INDL,C,D,STD,ROG,USD,A,4520
9225,20211231,2021,INDL,C,D,STD,ROL,USD,A,2020
9248,20210131,2020,INDL,C,D,STD,ROST,USD,A,2550
9273,20210630,2021,INDL,C,D,STD,RGLD,USD,A,1510
9299,20211231,2021,INDL,C,D,STD,R,USD,A,2030
9317,20211231,2021,INDL,C,D,STD,SEIC,USD,A,4020
9324,20211231,2021,INDL,C,D,STD,SJW,USD,A,5510
9465,20211231,2021,INDL,C,D,STD,SLB,USD,A,1010
9466,20210531,2020,INDL,C,D,STD,SCHL,USD,A,5020
9538,20211231,2021,INDL,C,D,STD,SEB,USD,A,3020
9551,20210331,2020,INDL,C,D,STD,APPS,USD,A,4510
9555,20211231,2021,INDL,C,D,STD,SEE,USD,A,1510
9599,20210131,2020,INDL,C,D,STD,SMTC,USD,A,4530
9611,20211231,2021,INDL,C,D,STD,SCI,USD,A,2530
9664,20211231,2021,INDL,C,D,STD,SHEN,USD,A,5010
9667,20211231,2021,INDL,C,D,STD,SHW,USD,A,1510
9771,20211231,2021,INDL,C,D,STD,AOS,USD,A,2010
9778,20211231,2021,INDL,C,D,STD,SNA,USD,A,2010
9783,20211231,2021,INDL,C,D,STD,KEY,USD,A,4010
9815,20211231,2021,INDL,C,D,STD,SON,USD,A,1510
9831,20211231,2021,INDL,C,D,STD,SJI,USD,A,5510
9846,20211231,2021,INDL,C,D,STD,EIX,USD,A,5510
9849,20211231,2021,INDL,C,D,STD,AWR,USD,A,5510
9850,20211231,2021,INDL,C,D,STD,SO,USD,A,5510
9882,20211231,2021,INDL,C,D,STD,LUV,USD,A,2030
9890,20211231,2021,INDL,C,D,STD,SWX,USD,A,5510
9904,20211231,2021,INDL,C,D,STD,SWN,USD,A,1010
9969,20211231,2021,INDL,C,D,STD,STAA,USD,A,3510
10000,20211231,2021,INDL,C,D,STD,SMP,USD,A,2510
10008,20210630,2021,INDL,C,D,STD,SXI,USD,A,2010
10016,20211231,2021,INDL,C,D,STD,SWK,USD,A,2010
10035,20211231,2021,INDL,C,D,STD,STT,USD,A,4020
10056,20211231,2021,INDL,C,D,STD,SCL,USD,A,1510
10086,20211231,2021,INDL,C,D,STD,STC,USD,A,4030
10096,20211231,2021,INDL,C,D,STD,PSA,USD,A,6010
10115,20211231,2021,INDL,C,D,STD,SYK,USD,A,3510
10121,20211231,2021,INDL,C,D,STD,NAVI,USD,A,4020
10124,20211231,2021,INDL,C,D,STD,RGR,USD,A,2520
10247,20210630,2021,INDL,C,D,STD,SYY,USD,A,3010
10390,20211231,2021,INDL,C,D,STD,TRC,USD,A,6010
10405,20211231,2021,INDL,C,D,STD,ATI,USD,A,1510
10407,20211231,2021,INDL,C,D,STD,TFX,USD,A,3510
10411,20211231,2021,INDL,C,D,STD,TDS,USD,A,5010
10441,20211231,2021,INDL,C,D,STD,TNC,USD,A,2010
10443,20211231,2021,INDL,C,D,STD,TEN,USD,A,2510
10453,20211231,2021,INDL,C,D,STD,TER,USD,A,4530
10499,20211231,2021,INDL,C,D,STD,TXN,USD,A,4530
10519,20211231,2021,INDL,C,D,STD,TXT,USD,A,2010
10530,20211231,2021,INDL,C,D,STD,TMO,USD,A,3520
10549,20210731,2021,INDL,C,D,STD,THO,USD,A,2510
10565,20211231,2021,INDL,C,D,STD,TDW,USD,A,1010
10567,20211231,2021,INDL,C,D,STD,SIX,USD,A,2530
10581,20211231,2021,INDL,C,D,STD,TKR,USD,A,2010
10609,20211231,2021,INDL,C,D,STD,TR,USD,A,3020
10618,20211031,2021,INDL,C,D,STD,TTC,USD,A,2010
10685,20210331,2020,INDL,C,D,STD,TRNS,USD,A,2010
10735,20211231,2021,INDL,C,D,STD,TRN,USD,A,2010
10789,20211231,2021,INDL,C,D,STD,TYL,USD,A,4510
10793,20210930,2021,INDL,C,D,STD,TSN,USD,A,3020
10795,20211231,2021,INDL,C,D,STD,UAL,USD,A,2030
10801,20210930,2021,INDL,C,D,STD,UGI,USD,A,5510
10840,20210831,2021,INDL,C,D,STD,UNF,USD,A,2020
10860,20211231,2021,INDL,C,D,STD,AEE,USD,A,5510
10867,20211231,2021,INDL,C,D,STD,UNP,USD,A,2030
10894,20211231,2021,INDL,C,D,STD,UDR,USD,A,6010
10903,20211231,2021,INDL,C,D,STD,UNH,USD,A,3510
10916,20211231,2021,INDL,C,D,STD,UMBF,USD,A,4010
10917,20211231,2021,INDL,C,D,STD,UMH,USD,A,6010
10920,20211231,2021,INDL,C,D,STD,UPS,USD,A,2030
10991,20211231,2021,INDL,C,D,STD,SGMS,USD,A,2530
10999,20211231,2021,INDL,C,D,STD,UTL,USD,A,5510
11012,20211231,2021,INDL,C,D,STD,SXT,USD,A,1510
11017,20210331,2020,INDL,C,D,STD,UVV,USD,A,3020
11032,20211231,2021,INDL,C,D,STD,UHS,USD,A,3510
11051,20211231,2021,INDL,C,D,STD,UTMD,USD,A,3510
11060,20210331,2020,INDL,C,D,STD,VFC,USD,A,2520
11065,20211231,2021,INDL,C,D,STD,VSEC,USD,A,2020
11094,20211231,2021,INDL,C,D,STD,VMI,USD,A,2010
11124,20211231,2021,INDL,C,D,STD,VECO,USD,A,4530
11191,20211231,2021,INDL,C,D,STD,VSH,USD,A,4520
11220,20211231,2021,INDL,C,D,STD,VNO,USD,A,6010
11228,20211231,2021,INDL,C,D,STD,VMC,USD,A,1510
11234,20210831,2021,INDL,C,D,STD,WDFC,USD,A,3030
11259,20210131,2020,INDL,C,D,STD,WMT,USD,A,3010
11264,20210831,2021,INDL,C,D,STD,WBA,USD,A,3010
11300,20211231,2021,INDL,C,D,STD,GHC,USD,A,2530
11301,20211231,2021,INDL,C,D,STD,WRE,USD,A,6010
11304,20211231,2021,INDL,C,D,STD,AVA,USD,A,5510
11343,20211231,2021,INDL,C,D,STD,WMK,USD,A,3010
11376,20211231,2021,INDL,C,D,STD,WST,USD,A,3520
11399,20210630,2021,INDL,C,D,STD,WDC,USD,A,4520
11456,20211231,2021,INDL,C,D,STD,WY,USD,A,6010
11465,20211231,2021,INDL,C,D,STD,WHR,USD,A,2520
11506,20211231,2021,INDL,C,D,STD,WMB,USD,A,1010
11511,20210131,2020,INDL,C,D,STD,WSM,USD,A,2550
11537,20210831,2021,INDL,C,D,STD,WGO,USD,A,2510
11550,20211231,2021,INDL,C,D,STD,WEC,USD,A,5510
11554,20211231,2021,INDL,C,D,STD,LNT,USD,A,5510
11566,20211231,2021,INDL,C,D,STD,WWW,USD,A,2520
11580,20210930,2021,INDL,C,D,STD,WWD,USD,A,2010
11584,20210131,2020,INDL,C,D,STD,FL,USD,A,2550
11600,20210531,2020,INDL,C,D,STD,WOR,USD,A,1510
11636,20211231,2021,INDL,C,D,STD,XRX,USD,A,4520
11657,20211231,2021,INDL,C,D,STD,YORW,USD,A,5510
11672,20210131,2020,INDL,C,D,STD,TJX,USD,A,2550
11687,20211231,2021,INDL,C,D,STD,ZION,USD,A,4010
11721,20210930,2021,INDL,C,D,STD,OSK,USD,A,2010
11729,20211231,2021,INDL,C,D,STD,WTM,USD,A,4030
11745,20211231,2021,INDL,C,D,STD,QLYS,USD,A,4510
11756,20211231,2021,INDL,C,D,STD,ALEX,USD,A,6010
11770,20211231,2021,INDL,C,D,STD,SF,USD,A,4020
11796,20211231,2021,INDL,C,D,STD,LCII,USD,A,2510
11811,20210630,2021,INDL,C,D,STD,JKHY,USD,A,4510
11842,20211231,2021,INDL,C,D,STD,ASB,USD,A,4010
11854,20211231,2021,INDL,C,D,STD,NMIH,USD,A,4010
11861,20211231,2021,INDL,C,D,STD,VLY,USD,A,4010
12081,20211231,2021,INDL,C,D,STD,LAND,USD,A,6010
12123,20210131,2020,INDL,C,D,STD,BIG,USD,A,2550
12124,20211231,2021,INDL,C,D,STD,MS,USD,A,4020
12138,20211231,2021,INDL,C,D,STD,TROW,USD,A,4020
12140,20211231,2021,INDL,C,D,STD,NNN,USD,A,6010
12141,20210630,2021,INDL,C,D,STD,MSFT,USD,A,4510
12142,20210531,2020,INDL,C,D,STD,ORCL,USD,A,4510
12151,20210630,2021,INDL,C,D,STD,COTY,USD,A,3030
12181,20211231,2021,INDL,C,D,STD,RGEN,USD,A,3520
12262,20211231,2021,INDL,C,D,STD,ASTE,USD,A,2010
12266,20211231,2021,INDL,C,D,STD,WERN,USD,A,2030
12379,20210430,2020,INDL,C,D,STD,AMWD,USD,A,2010
12389,20211231,2021,INDL,C,D,STD,HOG,USD,A,2510
12392,20211231,2021,INDL,C,D,STD,SKYW,USD,A,2030
12395,20211031,2021,INDL,C,D,STD,TOL,USD,A,2520
12428,20211231,2021,INDL,C,D,STD,POR,USD,A,5510
12441,20211231,2021,INDL,C,D,STD,IT,USD,A,4510
12445,20211231,2021,INDL,C,D,STD,WTS,USD,A,2010
12459,20211231,2021,INDL,C,D,STD,NVR,USD,A,2520
12471,20211231,2021,INDL,C,D,STD,INT,USD,A,1010
12482,20210930,2021,INDL,C,D,STD,CLFD,USD,A,4520
12540,20211130,2021,INDL,C,D,STD,ADBE,USD,A,4510
12544,20211231,2021,INDL,C,D,STD,JOE,USD,A,6010
12568,20210930,2021,INDL,C,D,STD,DJCO,USD,A,5020
12598,20211231,2021,INDL,C,D,STD,PTSI,USD,A,2030
12603,20211231,2021,INDL,C,D,STD,CNO,USD,A,4030
12615,20211231,2021,INDL,C,D,STD,MHO,USD,A,2520
12625,20211231,2021,INDL,C,D,STD,MRTN,USD,A,2030
12635,20211231,2021,INDL,C,D,STD,FISV,USD,A,4510
12689,20211130,2021,INDL,C,D,STD,KBH,USD,A,2520
12711,20210930,2021,INDL,C,D,STD,CVM,USD,A,3520
12726,20211231,2021,INDL,C,D,STD,UNM,USD,A,4030
12785,20211231,2021,INDL,C,D,STD,PPC,USD,A,3020
12825,20210930,2021,INDL,C,D,STD,JJSF,USD,A,3020
12840,20211231,2021,INDL,C,D,STD,HTLD,USD,A,2030
12850,20211231,2021,INDL,C,D,STD,CERN,USD,A,3510
12874,20211231,2021,INDL,C,D,STD,ICAD,USD,A,3510
12909,20211231,2021,INDL,C,D,STD,MKL,USD,A,4030
12915,20211231,2021,INDL,C,D,STD,OSUR,USD,A,3510
12945,20210930,2021,INDL,C,D,STD,PLXS,USD,A,4520
12972,20210930,2021,INDL,C,D,STD,IMKTA,USD,A,3010
13041,20211231,2021,INDL,C,D,STD,SNV,USD,A,4010
13071,20211231,2021,INDL,C,D,STD,RDNT,USD,A,3510
13092,20210930,2021,INDL,C,D,STD,JACK,USD,A,2530
13200,20211031,2021,INDL,C,D,STD,PLAB,USD,A,4530
13323,20211031,2021,INDL,C,D,STD,SAFM,USD,A,3020
13341,20211231,2021,INDL,C,D,STD,PGR,USD,A,4030
13342,20211231,2021,INDL,C,D,STD,RLI,USD,A,4030
13421,20211231,2021,INDL,C,D,STD,CDNS,USD,A,4510
13453,20211231,2021,INDL,C,D,STD,OPY,USD,A,4020
13480,20211231,2021,INDL,C,D,STD,EBIX,USD,A,4510
13498,20211130,2021,INDL,C,D,STD,CCL,USD,A,2530
13510,20211231,2021,INDL,C,D,STD,DRE,USD,A,6010
13561,20211231,2021,INDL,C,D,STD,MBI,USD,A,4030
13562,20211231,2021,INDL,C,D,STD,BDN,USD,A,6010
13570,20211231,2021,INDL,C,D,STD,MIDD,USD,A,2010
13579,20211231,2021,INDL,C,D,STD,EQC,USD,A,6010
13580,20211231,2021,INDL,C,D,STD,UHT,USD,A,6010
13602,20210430,2020,INDL,C,D,STD,CRMT,USD,A,2550
13619,20210331,2020,INDL,C,D,STD,ABMD,USD,A,3510
13623,20211231,2021,INDL,C,D,STD,CNMD,USD,A,3510
13721,20211231,2021,INDL,C,D,STD,ZTS,USD,A,3520
13786,20211231,2021,INDL,C,D,STD,HRTX,USD,A,3520
13824,20210930,2021,INDL,C,D,STD,FICO,USD,A,4510
13906,20210930,2021,INDL,C,D,STD,JOUT,USD,A,2520
13963,20211231,2021,INDL,C,D,STD,VGR,USD,A,3020
13988,20211231,2021,INDL,C,D,STD,SCHW,USD,A,4020
14027,20211231,2021,INDL,C,D,STD,CLH,USD,A,2020
14084,20211231,2021,INDL,C,D,STD,AIN,USD,A,2010
14113,20210930,2021,INDL,C,D,STD,MITK,USD,A,4510
14172,20211231,2021,INDL,C,D,STD,FULT,USD,A,4010
14225,20211231,2021,INDL,C,D,STD,FAST,USD,A,2010
14253,20211231,2021,INDL,C,D,STD,WABC,USD,A,4010
14269,20211231,2021,INDL,C,D,STD,HLF,USD,A,3030
14275,20211231,2021,INDL,C,D,STD,FRC,USD,A,4010
14282,20211231,2021,INDL,C,D,STD,APH,USD,A,4520
14309,20211231,2021,INDL,C,D,STD,IPAR,USD,A,3030
14311,20211231,2021,INDL,C,D,STD,PII,USD,A,2520
14320,20211231,2021,INDL,C,D,STD,ICPT,USD,A,3520
14359,20211231,2021,INDL,C,D,STD,PXD,USD,A,1010
14369,20211231,2021,INDL,C,D,STD,USM,USD,A,5010
14370,20211231,2021,INDL,C,D,STD,MAN,USD,A,2020
14403,20211231,2021,INDL,C,D,STD,DX,USD,A,4020
14418,20211231,2021,INDL,C,D,STD,MGM,USD,A,2530
14477,20211231,2021,INDL,C,D,STD,WM,USD,A,2020
14561,20210630,2021,INDL,C,D,STD,IIVI,USD,A,4520
14590,20211231,2021,INDL,C,D,STD,FCX,USD,A,1510
14624,20211231,2021,INDL,C,D,STD,ODP,USD,A,2550
14790,20211231,2021,INDL,C,D,STD,MTH,USD,A,2520
14793,20211231,2021,INDL,C,D,STD,ARCH,USD,A,1010
14822,20211231,2021,INDL,C,D,STD,WRB,USD,A,4030
14824,20211231,2021,INDL,C,D,STD,CINF,USD,A,4030
14828,20211231,2021,INDL,C,D,STD,ORI,USD,A,4030
14891,20211231,2021,INDL,C,D,STD,MGPI,USD,A,3020
14898,20211231,2021,INDL,C,D,STD,DDD,USD,A,4520
14934,20211231,2021,INDL,C,D,STD,DVN,USD,A,1010
14954,20210831,2021,INDL,C,D,STD,LNN,USD,A,2010
14960,20211231,2021,INDL,C,D,STD,LH,USD,A,3510
15044,20210131,2020,INDL,C,D,STD,WDAY,USD,A,4510
15060,20211231,2021,INDL,C,D,STD,CPE,USD,A,1010
15101,20211231,2021,INDL,C,D,STD,MFA,USD,A,4020
15247,20211231,2021,INDL,C,D,STD,VLO,USD,A,1010
15252,20211231,2021,INDL,C,D,STD,TRS,USD,A,1510
15267,20211231,2021,INDL,C,D,STD,IEX,USD,A,2010
15343,20211231,2021,INDL,C,D,STD,MLI,USD,A,2010
15417,20211231,2021,INDL,C,D,STD,BRO,USD,A,4030
15420,20210131,2020,INDL,C,D,STD,AMBA,USD,A,4530
15459,20211231,2021,INDL,C,D,STD,TG,USD,A,1510
15520,20210131,2020,INDL,C,D,STD,SIG,USD,A,2550
16009,20210131,2020,INDL,C,D,STD,SPWH,USD,A,2550
16101,20211231,2021,INDL,C,D,STD,ABBV,USD,A,3520
16113,20211231,2021,INDL,C,D,STD,APAM,USD,A,4020
16125,20211231,2021,INDL,C,D,STD,GMRE,USD,A,6010
16188,20211231,2021,INDL,C,D,STD,CGNX,USD,A,4520
16269,20210930,2021,INDL,C,D,STD,ENTA,USD,A,3520
16384,20211231,2021,INDL,C,D,STD,VOYA,USD,A,4020
16401,20210331,2020,INDL,C,D,STD,CRUS,USD,A,4530
16453,20210531,2020,INDL,C,D,STD,NEOG,USD,A,3510
16477,20211231,2021,INDL,C,D,STD,LEA,USD,A,2510
16478,20211231,2021,INDL,C,D,STD,EOG,USD,A,1010
16486,20211231,2021,INDL,C,D,STD,BCC,USD,A,2010
16549,20211231,2021,INDL,C,D,STD,SFBS,USD,A,4010
16597,20211231,2021,INDL,C,D,STD,LSCC,USD,A,4530
16653,20211231,2021,INDL,C,D,STD,TMHC,USD,A,2520
16668,20211231,2021,INDL,C,D,STD,AROW,USD,A,4010
16705,20211231,2021,INDL,C,D,STD,CPF,USD,A,4010
16710,20210930,2021,INDL,C,D,STD,DGII,USD,A,4520
16721,20210331,2020,INDL,C,D,STD,EA,USD,A,5020
16745,20211231,2021,INDL,C,D,STD,PRTA,USD,A,3520
16777,20211231,2021,INDL,C,D,STD,FBNC,USD,A,4010
16781,20211231,2021,INDL,C,D,STD,CHCO,USD,A,4010
16790,20211231,2021,INDL,C,D,STD,CBU,USD,A,4010
16821,20211231,2021,INDL,C,D,STD,FBP,USD,A,4010
16832,20211231,2021,INDL,C,D,STD,GBCI,USD,A,4010
16845,20211231,2021,INDL,C,D,STD,FRME,USD,A,4010
16889,20211231,2021,INDL,C,D,STD,INDB,USD,A,4010
16890,20211231,2021,INDL,C,D,STD,IBCP,USD,A,4010
16967,20211231,2021,INDL,C,D,STD,HIFS,USD,A,4010
16981,20211231,2021,INDL,C,D,STD,OFG,USD,A,4010
17010,20211231,2021,INDL,C,D,STD,LSXMK,USD,A,5020
17035,20211231,2021,INDL,C,D,STD,MCY,USD,A,4030
17073,20211231,2021,INDL,C,D,STD,NWLI,USD,A,4030
17095,20211231,2021,INDL,C,D,STD,ONB,USD,A,4010
17101,20211231,2021,INDL,C,D,STD,IMGN,USD,A,3520
17106,20211231,2021,INDL,C,D,STD,PEBO,USD,A,4010
17115,20211231,2021,INDL,C,D,STD,SIGI,USD,A,4030
17120,20211231,2021,INDL,C,D,STD,SIVB,USD,A,4010
17132,20211231,2021,INDL,C,D,STD,WSFS,USD,A,4010
17145,20210930,2021,INDL,C,D,STD,WAFD,USD,A,4010
17150,20211231,2021,INDL,C,D,STD,WBS,USD,A,4010
17151,20211231,2021,INDL,C,D,STD,WSBC,USD,A,4010
17184,20211231,2021,INDL,C,D,STD,SBCF,USD,A,4010
17195,20211231,2021,INDL,C,D,STD,FFBC,USD,A,4010
17199,20211231,2021,INDL,C,D,STD,BLFS,USD,A,3510
17240,20211231,2021,INDL,C,D,STD,TMP,USD,A,4010
17245,20211231,2021,INDL,C,D,STD,TRST,USD,A,4010
17248,20211231,2021,INDL,C,D,STD,UBSI,USD,A,4010
17252,20211231,2021,INDL,C,D,STD,UFCS,USD,A,4030
17277,20211231,2021,INDL,C,D,STD,NVEE,USD,A,2010
17306,20211231,2021,INDL,C,D,STD,PFSI,USD,A,4010
17341,20211231,2021,INDL,C,D,STD,ARTNA,USD,A,5510
17367,20211231,2021,INDL,C,D,STD,AMNB,USD,A,4010
17451,20211231,2021,INDL,C,D,STD,IBTX,USD,A,4010
17498,20211231,2021,INDL,C,D,STD,CMRX,USD,A,3520
17534,20211231,2021,INDL,C,D,STD,CCNE,USD,A,4010
17553,20210930,2021,INDL,C,D,STD,MODN,USD,A,4510
17626,20211231,2021,INDL,C,D,STD,AHH,USD,A,6010
17639,20211231,2021,INDL,C,D,STD,AMH,USD,A,6010
17696,20211231,2021,INDL,C,D,STD,TSC,USD,A,4010
17724,20211231,2021,INDL,C,D,STD,CNOB,USD,A,4010
17769,20211231,2021,INDL,C,D,STD,HASI,USD,A,4020
17808,20211231,2021,INDL,C,D,STD,EPZM,USD,A,3520
17811,20211231,2021,INDL,C,D,STD,ECOM,USD,A,4510
17874,20211231,2021,INDL,C,D,STD,TMUS,USD,A,5010
17875,20211231,2021,INDL,C,D,STD,NCBS,USD,A,4010
17878,20211231,2021,INDL,C,D,STD,NRZ,USD,A,4020
17934,20211231,2021,INDL,C,D,STD,SFM,USD,A,3010
17997,20211231,2021,INDL,C,D,STD,CSTM,USD,A,1510
17998,20211231,2021,INDL,C,D,STD,BLUE,USD,A,3520
18004,20211231,2021,INDL,C,D,STD,CCS,USD,A,2520
18009,20211231,2021,INDL,C,D,STD,NSTG,USD,A,3520
18036,20211231,2021,INDL,C,D,STD,COMM,USD,A,4520
18037,20211231,2021,INDL,C,D,STD,CZNC,USD,A,4010
18043,20210630,2021,INDL,C,D,STD,NWSA,USD,A,5020
18047,20211231,2021,INDL,C,D,STD,NDLS,USD,A,2530
18049,20211231,2021,INDL,C,D,STD,FNB,USD,A,4010
18071,20211231,2021,INDL,C,D,STD,REXR,USD,A,6010
18145,20211231,2021,INDL,C,D,STD,DOC,USD,A,6010
18159,20211231,2021,INDL,C,D,STD,AGIO,USD,A,3520
18162,20211231,2021,INDL,C,D,STD,ESPR,USD,A,3520
18204,20211231,2021,INDL,C,D,STD,ANIP,USD,A,3520
18241,20211231,2021,INDL,C,D,STD,FCF,USD,A,4010
18307,20211231,2021,INDL,C,D,STD,FLIC,USD,A,4010
18312,20211231,2021,INDL,C,D,STD,USFD,USD,A,3010
18320,20211231,2021,INDL,C,D,STD,FOXF,USD,A,2510
18329,20211231,2021,INDL,C,D,STD,BUSE,USD,A,4010
18383,20211231,2021,INDL,C,D,STD,BRX,USD,A,6010
18465,20211231,2021,INDL,C,D,STD,AR,USD,A,1010
18494,20211231,2021,INDL,C,D,STD,IRT,USD,A,6010
18498,20211231,2021,INDL,C,D,STD,MUSA,USD,A,2550
18533,20211231,2021,INDL,C,D,STD,HBNC,USD,A,4010
18556,20211231,2021,INDL,C,D,STD,CHGG,USD,A,2530
18561,20211231,2021,INDL,C,D,STD,BNFT,USD,A,4510
18562,20211231,2021,INDL,C,D,STD,FATE,USD,A,3520
18578,20211231,2021,INDL,C,D,STD,RMAX,USD,A,6010
18624,20210630,2021,INDL,C,D,STD,PINC,USD,A,3510
18626,20211231,2021,INDL,C,D,STD,GLOB,USD,A,4510
18629,20211231,2021,INDL,C,D,STD,LGIH,USD,A,2520
18630,20211231,2021,INDL,C,D,STD,RNG,USD,A,4510
18658,20211231,2021,INDL,C,D,STD,MGNX,USD,A,3520
18675,20210131,2020,INDL,C,D,STD,BURL,USD,A,2550
18683,20210131,2020,INDL,C,D,STD,SAIC,USD,A,2020
18689,20210131,2020,INDL,C,D,STD,VEEV,USD,A,3510
18699,20210930,2021,INDL,C,D,STD,PTC,USD,A,4510
18732,20211231,2021,INDL,C,D,STD,LKFN,USD,A,4010
18745,20211231,2021,INDL,C,D,STD,ESNT,USD,A,4010
18749,20211231,2021,INDL,C,D,STD,AERI,USD,A,3520
18792,20211231,2021,INDL,C,D,STD,GLPI,USD,A,6010
18842,20210331,2020,INDL,C,D,STD,TCS,USD,A,2550
18869,20211231,2021,INDL,C,D,STD,WIX,USD,A,4510
18872,20211231,2021,INDL,C,D,STD,TWTR,USD,A,5020
18899,20211231,2021,INDL,C,D,STD,TNDM,USD,A,3510
18930,20211231,2021,INDL,C,D,STD,KPTI,USD,A,3520
18938,20211231,2021,INDL,C,D,STD,XNCR,USD,A,3520
18947,20211231,2021,INDL,C,D,STD,VCYT,USD,A,3520
19000,20211231,2021,INDL,C,D,STD,MMI,USD,A,6010
19044,20211231,2021,INDL,C,D,STD,VRNS,USD,A,4510
19071,20211231,2021,INDL,C,D,STD,CWH,USD,A,2550
19094,20211231,2021,INDL,C,D,STD,NBTB,USD,A,4010
19149,20211231,2021,INDL,C,D,STD,RARE,USD,A,3520
19150,20211231,2021,INDL,C,D,STD,OSBC,USD,A,4010
19154,20211231,2021,INDL,C,D,STD,CARA,USD,A,3520
19172,20210630,2021,INDL,C,D,STD,AMRK,USD,A,4020
19262,20211231,2021,INDL,C,D,STD,CTBI,USD,A,4010
19274,20211231,2021,INDL,C,D,STD,INGN,USD,A,3510
19318,20211231,2021,INDL,C,D,STD,PRK,USD,A,4010
19355,20211231,2021,INDL,C,D,STD,SFNC,USD,A,4010
19391,20210630,2021,INDL,C,D,STD,MBUU,USD,A,2520
19398,20211231,2021,INDL,C,D,STD,DENN,USD,A,2530
19402,20210131,2020,INDL,C,D,STD,GIII,USD,A,2520
19412,20211231,2021,INDL,C,D,STD,ITCI,USD,A,3520
19428,20211231,2021,INDL,C,D,STD,GSBC,USD,A,4010
19440,20211231,2021,INDL,C,D,STD,LADR,USD,A,4020
19471,20211231,2021,INDL,C,D,STD,RVNC,USD,A,3520
19507,20211231,2021,INDL,C,D,STD,OUT,USD,A,6010
19516,20211231,2021,INDL,C,D,STD,IBP,USD,A,2520
19517,20211231,2021,INDL,C,D,STD,OGS,USD,A,5510
19518,20211231,2021,INDL,C,D,STD,KN,USD,A,4520
19526,20211231,2021,INDL,C,D,STD,FPI,USD,A,6010
19570,20211231,2021,INDL,C,D,STD,STBA,USD,A,4010
19581,20210131,2020,INDL,C,D,STD,LE,USD,A,2550
19582,20211231,2021,INDL,C,D,STD,CTRE,USD,A,6010
19600,20211231,2021,INDL,C,D,STD,CBAY,USD,A,3520
19602,20211231,2021,INDL,C,D,STD,HEAR,USD,A,4520
19647,20211231,2021,INDL,C,D,STD,LC,USD,A,4020
19649,20211231,2021,INDL,C,D,STD,SABR,USD,A,4510
19730,20210630,2021,INDL,C,D,STD,PCTY,USD,A,4510
19747,20211231,2021,INDL,C,D,STD,QUOT,USD,A,2550
19784,20211231,2021,INDL,C,D,STD,EGRX,USD,A,3520
19817,20211231,2021,INDL,C,D,STD,UVSP,USD,A,4010
19849,20211231,2021,INDL,C,D,STD,ATEN,USD,A,4510
19851,20211231,2021,INDL,C,D,STD,CIO,USD,A,6010
19858,20211231,2021,INDL,C,D,STD,VRTV,USD,A,2010
19859,20211231,2021,INDL,C,D,STD,AKBA,USD,A,3520
19873,20211231,2021,INDL,C,D,STD,WASH,USD,A,4010
19877,20211231,2021,INDL,C,D,STD,QTWO,USD,A,4510
19908,20211231,2021,INDL,C,D,STD,FIVN,USD,A,4510
19927,20211231,2021,INDL,C,D,STD,MC,USD,A,4020
19998,20211231,2021,INDL,C,D,STD,MEDP,USD,A,3520
20011,20211231,2021,INDL,C,D,STD,TMST,USD,A,1510
20018,20211231,2021,INDL,C,D,STD,ALDX,USD,A,3520
20019,20211231,2021,INDL,C,D,STD,CVBF,USD,A,4010
20088,20210131,2020,INDL,C,D,STD,BOX,USD,A,4510
20109,20211231,2021,INDL,C,D,STD,CCBG,USD,A,4010
20115,20210630,2021,INDL,C,D,STD,PAHC,USD,A,3520
20116,20211231,2021,INDL,C,D,STD,PAYC,USD,A,4510
20185,20210930,2021,INDL,C,D,STD,SMG,USD,A,1510
20228,20210630,2021,INDL,C,D,STD,CTLT,USD,A,3520
20229,20211231,2021,INDL,C,D,STD,ZEN,USD,A,4510
20232,20211031,2021,INDL,C,D,STD,KEYS,USD,A,4520
20233,20211231,2021,INDL,C,D,STD,TBPH,USD,A,3520
20235,20211231,2021,INDL,C,D,STD,DNOW,USD,A,2010
20299,20211231,2021,INDL,C,D,STD,LOB,USD,A,4010
20412,20211231,2021,INDL,C,D,STD,ARES,USD,A,4020
20420,20211231,2021,INDL,C,D,STD,OEC,USD,A,1510
20430,20211231,2021,INDL,C,D,STD,SLM,USD,A,4020
20567,20211231,2021,INDL,C,D,STD,MRNS,USD,A,3520
20600,20211130,2021,INDL,C,D,STD,NG,USD,A,1510
20644,20211231,2021,INDL,C,D,STD,GPRO,USD,A,2520
20645,20211231,2021,INDL,C,D,STD,ARDX,USD,A,3520
20649,20211231,2021,INDL,C,D,STD,SNDX,USD,A,3520
20659,20211231,2021,INDL,C,D,STD,AMPH,USD,A,3520
20661,20211231,2021,INDL,C,D,STD,VEC,USD,A,2010
20677,20211231,2021,INDL,C,D,STD,FFWM,USD,A,4010
20686,20211231,2021,INDL,C,D,STD,SYF,USD,A,4020
20692,20210630,2021,INDL,C,D,STD,KE,USD,A,4520
20696,20211231,2021,INDL,C,D,STD,DOOR,USD,A,2010
20748,20211231,2021,INDL,C,D,STD,ANET,USD,A,4520
20779,20210731,2021,INDL,C,D,STD,CSCO,USD,A,4520
20791,20211231,2021,INDL,C,D,STD,BXMT,USD,A,4020
20823,20210131,2020,INDL,C,D,STD,HQY,USD,A,3510
20904,20210930,2021,INDL,C,D,STD,HOLX,USD,A,3510
20935,20211231,2021,INDL,C,D,STD,TRUP,USD,A,4030
20943,20211231,2021,INDL,C,D,STD,SAGE,USD,A,3520
20945,20211231,2021,INDL,C,D,STD,IRMD,USD,A,3510
21004,20211231,2021,INDL,C,D,STD,LNTH,USD,A,3510
21012,20211231,2021,INDL,C,D,STD,ATRA,USD,A,3520
21015,20211231,2021,INDL,C,D,STD,OCUL,USD,A,3520
21032,20211231,2021,INDL,C,D,STD,VKTX,USD,A,3520
21124,20211231,2021,INDL,C,D,STD,LOCO,USD,A,2530
21227,20211231,2021,INDL,C,D,STD,LBRDK,USD,A,5020
21237,20211231,2021,INDL,C,D,STD,TTI,USD,A,1010
21238,20211231,2021,INDL,C,D,STD,VICR,USD,A,2010
21429,20211231,2021,INDL,C,D,STD,GVA,USD,A,2010
21440,20211231,2021,INDL,C,D,STD,LSTR,USD,A,2030
21503,20211231,2021,INDL,C,D,STD,KMPR,USD,A,4030
21515,20211231,2021,INDL,C,D,STD,UNVR,USD,A,2010
21540,20211231,2021,INDL,C,D,STD,W,USD,A,2550
21542,20211231,2021,INDL,C,D,STD,AAON,USD,A,2010
21593,20211231,2021,INDL,C,D,STD,CIVB,USD,A,4010
21604,20211231,2021,INDL,C,D,STD,PGRE,USD,A,6010
21630,20211231,2021,INDL,C,D,STD,STOR,USD,A,6010
21633,20211231,2021,INDL,C,D,STD,VBTX,USD,A,4010
21743,20210331,2020,INDL,C,D,STD,NVEC,USD,A,4530
21761,20210630,2021,INDL,C,D,STD,CDK,USD,A,4510
21777,20211231,2021,INDL,C,D,STD,MMSI,USD,A,3510
21798,20211231,2021,INDL,C,D,STD,FRPT,USD,A,3020
21815,20211231,2021,INDL,C,D,STD,TBK,USD,A,4010
21825,20211231,2021,INDL,C,D,STD,CFG,USD,A,4010
21841,20211231,2021,INDL,C,D,STD,CHRS,USD,A,3520
21847,20211231,2021,INDL,C,D,STD,HUBS,USD,A,4510
21898,20210331,2020,INDL,C,D,STD,BOOT,USD,A,2550
21901,20211231,2021,INDL,C,D,STD,FGEN,USD,A,3520
21916,20211231,2021,INDL,C,D,STD,NVRO,USD,A,3510
22000,20211231,2021,INDL,C,D,STD,WK,USD,A,4510
22037,20211231,2021,INDL,C,D,STD,SIEN,USD,A,3510
22040,20211231,2021,INDL,C,D,STD,UPLD,USD,A,4510
22047,20211231,2021,INDL,C,D,STD,GRBK,USD,A,2520
22082,20211231,2021,INDL,C,D,STD,JYNT,USD,A,3510
22086,20211231,2021,INDL,C,D,STD,IBOC,USD,A,4010
22134,20211231,2021,INDL,C,D,STD,AXTA,USD,A,1510
22182,20210331,2020,INDL,C,D,STD,NEWR,USD,A,4510
22207,20211231,2021,INDL,C,D,STD,TBI,USD,A,2020
22260,20211231,2021,INDL,C,D,STD,HCA,USD,A,3510
22447,20211231,2021,INDL,C,D,STD,PARR,USD,A,1010
22459,20211231,2021,INDL,C,D,STD,UE,USD,A,6010
22583,20210430,2020,INDL,C,D,STD,GMS,USD,A,2010
22603,20211231,2021,INDL,C,D,STD,SUM,USD,A,1510
22653,20210331,2020,INDL,C,D,STD,VSTO,USD,A,2520
22671,20211231,2021,INDL,C,D,STD,ESTE,USD,A,1010
22672,20211231,2021,INDL,C,D,STD,SHAK,USD,A,2530
22674,20211231,2021,INDL,C,D,STD,DEA,USD,A,6010
22717,20211231,2021,INDL,C,D,STD,SYBT,USD,A,4010
22741,20211231,2021,INDL,C,D,STD,CC,USD,A,1510
22815,20211231,2021,INDL,C,D,STD,TRMB,USD,A,4520
22867,20211231,2021,INDL,C,D,STD,NVTA,USD,A,3510
22983,20211231,2021,INDL,C,D,STD,XHR,USD,A,6010
23027,20211231,2021,INDL,C,D,STD,EXPO,USD,A,2020
23071,20211231,2021,INDL,C,D,STD,GDDY,USD,A,4510
23083,20210930,2021,INDL,C,D,STD,ENR,USD,A,3030
23084,20211231,2021,INDL,C,D,STD,BHE,USD,A,4520
23086,20211231,2021,INDL,C,D,STD,NXRT,USD,A,6010
23106,20211231,2021,INDL,C,D,STD,VRAY,USD,A,3510
23147,20211231,2021,INDL,C,D,STD,NSA,USD,A,6010
23167,20210930,2021,INDL,C,D,STD,BLBD,USD,A,2010
23208,20210430,2020,INDL,C,D,STD,BNED,USD,A,2550
23224,20210930,2021,INDL,C,D,STD,ESE,USD,A,2010
23225,20211231,2021,INDL,C,D,STD,CABO,USD,A,5020
23238,20211231,2021,INDL,C,D,STD,ETSY,USD,A,2550
23245,20211231,2021,INDL,C,D,STD,BLD,USD,A,2520
23247,20211231,2021,INDL,C,D,STD,PJT,USD,A,4020
23249,20210630,2021,INDL,C,D,STD,LITE,USD,A,4520
23407,20211231,2021,INDL,C,D,STD,BPMC,USD,A,3520
23432,20211231,2021,INDL,C,D,STD,VIRT,USD,A,4020
23500,20211231,2021,INDL,C,D,STD,CATY,USD,A,4010
23555,20211231,2021,INDL,C,D,STD,COLL,USD,A,3520
23556,20211231,2021,INDL,C,D,STD,CHCT,USD,A,6010
23587,20210930,2021,INDL,C,D,STD,HAYN,USD,A,1510
23714,20211231,2021,INDL,C,D,STD,CYH,USD,A,3510
23753,20211231,2021,INDL,C,D,STD,DORM,USD,A,2510
23793,20211231,2021,INDL,C,D,STD,PSB,USD,A,6010
23809,20210831,2021,INDL,C,D,STD,AZO,USD,A,2550
23812,20211231,2021,INDL,C,D,STD,REGN,USD,A,3520
23818,20211231,2021,INDL,C,D,STD,EVH,USD,A,3510
23843,20211231,2021,INDL,C,D,STD,WING,USD,A,2530
23865,20211231,2021,INDL,C,D,STD,BW,USD,A,2010
23977,20211231,2021,INDL,C,D,STD,APLE,USD,A,6010
23978,20211231,2021,INDL,C,D,STD,X,USD,A,1510
23990,20211231,2021,INDL,C,D,STD,GKOS,USD,A,3510
23996,20211231,2021,INDL,C,D,STD,GNL,USD,A,6010
24021,20210331,2020,INDL,C,D,STD,HAE,USD,A,3510
24040,20211231,2021,INDL,C,D,STD,IONS,USD,A,3520
24071,20211231,2021,INDL,C,D,STD,APPF,USD,A,4510
24076,20210131,2020,INDL,C,D,STD,OLLI,USD,A,2550
24135,20211231,2021,INDL,C,D,STD,ALRM,USD,A,4510
24157,20211231,2021,INDL,C,D,STD,FCFS,USD,A,4020
24176,20211231,2021,INDL,C,D,STD,NTRA,USD,A,3520
24177,20211231,2021,INDL,C,D,STD,MCRB,USD,A,3520
24197,20211231,2021,INDL,C,D,STD,IDXX,USD,A,3510
24216,20211231,2021,INDL,C,D,STD,AES,USD,A,5510
24225,20210331,2020,INDL,C,D,STD,CRVL,USD,A,3510
24249,20211231,2021,INDL,C,D,STD,TDOC,USD,A,3510
24287,20211231,2021,INDL,C,D,STD,AMBC,USD,A,4030
24291,20211231,2021,INDL,C,D,STD,DIN,USD,A,2530
24293,20211231,2021,INDL,C,D,STD,KALU,USD,A,1510
24302,20211231,2021,INDL,C,D,STD,ALKS,USD,A,3520
24316,20211231,2021,INDL,C,D,STD,MNST,USD,A,3020
24330,20211231,2021,INDL,C,D,STD,SRG,USD,A,6010
24344,20211231,2021,INDL,C,D,STD,VRTX,USD,A,3520
24350,20210331,2020,INDL,C,D,STD,MNRO,USD,A,2550
24351,20211231,2021,INDL,C,D,STD,LIND,USD,A,2530
24352,20211130,2021,INDL,C,D,STD,PRGS,USD,A,4510
24379,20211231,2021,INDL,C,D,STD,MTG,USD,A,4010
24396,20211231,2021,INDL,C,D,STD,TVTY,USD,A,3510
24405,20211231,2021,INDL,C,D,STD,ZBRA,USD,A,4520
24430,20210930,2021,INDL,C,D,STD,EZPW,USD,A,4020
24440,20211231,2021,INDL,C,D,STD,PRA,USD,A,4030
24447,20211231,2021,INDL,C,D,STD,BOKF,USD,A,4010
24458,20211231,2021,INDL,C,D,STD,SPNE,USD,A,3510
24463,20210430,2020,INDL,C,D,STD,FIZZ,USD,A,3020
24468,20211231,2021,INDL,C,D,STD,BIIB,USD,A,3520
24508,20210131,2020,INDL,C,D,STD,OOMA,USD,A,5010
24533,20211231,2021,INDL,C,D,STD,NHI,USD,A,6010
24599,20211231,2021,INDL,C,D,STD,AGLE,USD,A,3520
24601,20210331,2020,INDL,C,D,STD,CSWI,USD,A,2010
24616,20211231,2021,INDL,C,D,STD,PYPL,USD,A,4510
24617,20211231,2021,INDL,C,D,STD,ODFL,USD,A,2030
24620,20211231,2021,INDL,C,D,STD,RHP,USD,A,6010
24638,20211231,2021,INDL,C,D,STD,TRU,USD,A,2020
24678,20211231,2021,INDL,C,D,STD,HMN,USD,A,4030
24708,20211231,2021,INDL,C,D,STD,ATNI,USD,A,5010
24720,20211231,2021,INDL,C,D,STD,WNC,USD,A,2010
24725,20210331,2020,INDL,C,D,STD,WRLD,USD,A,4020
24731,20211231,2021,INDL,C,D,STD,KIM,USD,A,6010
24750,20211231,2021,INDL,C,D,STD,WETF,USD,A,4020
24755,20210630,2021,INDL,C,D,STD,JBSS,USD,A,3020
24782,20211231,2021,INDL,C,D,STD,PRGO,USD,A,3520
24783,20210930,2021,INDL,C,D,STD,TTEK,USD,A,2020
24795,20210331,2020,INDL,C,D,STD,AMSC,USD,A,2010
24800,20210930,2021,INDL,C,D,STD,QCOM,USD,A,4530
24825,20211231,2021,INDL,C,D,STD,OFC,USD,A,6010
24856,20211231,2021,INDL,C,D,STD,GILD,USD,A,3520
24861,20211231,2021,INDL,C,D,STD,PLNT,USD,A,2530
24905,20211231,2021,INDL,C,D,STD,RUN,USD,A,2010
24911,20210630,2021,INDL,C,D,STD,MCFT,USD,A,2520
24925,20211231,2021,INDL,C,D,STD,ROP,USD,A,2010
24975,20211031,2021,INDL,C,D,STD,SNPS,USD,A,4510
24978,20211231,2021,INDL,C,D,STD,ELY,USD,A,2520
25030,20211231,2021,INDL,C,D,STD,VRTS,USD,A,4020
25110,20211231,2021,INDL,C,D,STD,ICUI,USD,A,3510
25119,20211231,2021,INDL,C,D,STD,MHK,USD,A,2520
25166,20211231,2021,INDL,C,D,STD,KOPN,USD,A,4530
25180,20211231,2021,INDL,C,D,STD,AGCO,USD,A,2010
25201,20211231,2021,INDL,C,D,STD,CASS,USD,A,4510
25219,20210331,2020,INDL,C,D,STD,HLI,USD,A,4020
25234,20210131,2020,INDL,C,D,STD,BKE,USD,A,2550
25274,20211231,2021,INDL,C,D,STD,OLED,USD,A,4530
25279,20211231,2021,INDL,C,D,STD,BSX,USD,A,3510
25283,20210131,2020,INDL,C,D,STD,KSS,USD,A,2550
25289,20211231,2021,INDL,C,D,STD,VBIV,USD,A,3520
25313,20210331,2020,INDL,C,D,STD,STE,USD,A,3510
25318,20211231,2021,INDL,C,D,STD,USPH,USD,A,3510
25331,20210831,2021,INDL,C,D,STD,FC,USD,A,2020
25338,20210228,2020,INDL,C,D,STD,BBBY,USD,A,2550
25339,20211231,2021,INDL,C,D,STD,CACC,USD,A,4020
25340,20210930,2021,INDL,C,D,STD,DHI,USD,A,2520
25349,20211231,2021,INDL,C,D,STD,GBT,USD,A,3520
25376,20211231,2021,INDL,C,D,STD,COLB,USD,A,4010
25389,20211231,2021,INDL,C,D,STD,GPK,USD,A,1510
25430,20211031,2021,INDL,C,D,STD,FCEL,USD,A,2010
25434,20210930,2021,INDL,C,D,STD,SBUX,USD,A,2530
25536,20210930,2021,INDL,C,D,STD,CENTA,USD,A,3030
25632,20211231,2021,INDL,C,D,STD,KW,USD,A,6010
25633,20211231,2021,INDL,C,D,STD,OHI,USD,A,6010
25665,20211231,2021,INDL,C,D,STD,LTC,USD,A,6010
25737,20211231,2021,INDL,C,D,STD,CAKE,USD,A,2530
25747,20211231,2021,INDL,C,D,STD,LFUS,USD,A,4520
25749,20211231,2021,INDL,C,D,STD,ASGN,USD,A,2020
25751,20211231,2021,INDL,C,D,STD,BLX,USD,A,4020
25756,20210131,2020,INDL,C,D,STD,PSTG,USD,A,4520
25870,20211231,2021,INDL,C,D,STD,MTX,USD,A,1510
25880,20210430,2020,INDL,C,D,STD,PDCO,USD,A,3510
25893,20211231,2021,INDL,C,D,STD,SITE,USD,A,2010
25895,20211231,2021,INDL,C,D,STD,RDN,USD,A,4010
25898,20211231,2021,INDL,C,D,STD,SGRY,USD,A,3510
25904,20211231,2021,INDL,C,D,STD,ACRS,USD,A,3520
25922,20211231,2021,INDL,C,D,STD,KAI,USD,A,2010
25937,20211231,2021,INDL,C,D,STD,LGND,USD,A,3520
25964,20211231,2021,INDL,C,D,STD,GTLS,USD,A,2010
26013,20211231,2021,INDL,C,D,STD,SM,USD,A,1010
26016,20211231,2021,INDL,C,D,STD,UVE,USD,A,4030
26061,20211231,2021,INDL,C,D,STD,MTCH,USD,A,5020
26071,20211231,2021,INDL,C,D,STD,FCBC,USD,A,4010
26081,20211231,2021,INDL,C,D,STD,KURA,USD,A,3520
26112,20211231,2021,INDL,C,D,STD,CTMX,USD,A,3520
26123,20211231,2021,INDL,C,D,STD,NVCR,USD,A,3510
26146,20211231,2021,INDL,C,D,STD,RGNX,USD,A,3520
26147,20211231,2021,INDL,C,D,STD,PEN,USD,A,3510
26156,20211031,2021,INDL,C,D,STD,HPE,USD,A,4520
26162,20211231,2021,INDL,C,D,STD,ANAB,USD,A,3520
26179,20211231,2021,INDL,C,D,STD,SMBK,USD,A,4010
26270,20211231,2021,INDL,C,D,STD,ABTX,USD,A,4010
26347,20211231,2021,INDL,C,D,STD,EQBK,USD,A,4010
26349,20211231,2021,INDL,C,D,STD,AXSM,USD,A,3520
26368,20210331,2020,INDL,C,D,STD,MIME,USD,A,4510
26410,20211231,2021,INDL,C,D,STD,FCPT,USD,A,6010
26545,20210930,2021,INDL,C,D,STD,RMR,USD,A,6010
26590,20211231,2021,INDL,C,D,STD,FTV,USD,A,2010
26636,20211231,2021,INDL,C,D,STD,SENS,USD,A,3510
26658,20211231,2021,INDL,C,D,STD,AGR,USD,A,5510
26669,20211231,2021,INDL,C,D,STD,OCX,USD,A,3520
26746,20210731,2021,INDL,C,D,STD,NTNX,USD,A,4510
26749,20211231,2021,INDL,C,D,STD,HRI,USD,A,2010
26788,20211231,2021,INDL,C,D,STD,TRHC,USD,A,3510
26812,20211231,2021,INDL,C,D,STD,GCP,USD,A,1510
26847,20211231,2021,INDL,C,D,STD,TCMD,USD,A,3510
26864,20211231,2021,INDL,C,D,STD,CDEV,USD,A,1010
26874,20211231,2021,INDL,C,D,STD,EDIT,USD,A,3520
26892,20211231,2021,INDL,C,D,STD,RETA,USD,A,3520
27014,20210930,2021,INDL,C,D,STD,ATKR,USD,A,2010
27119,20211231,2021,INDL,C,D,STD,NGVT,USD,A,1510
27155,20211231,2021,INDL,C,D,STD,NTLA,USD,A,3520
27187,20211231,2021,INDL,C,D,STD,FWONK,USD,A,5020
27333,20210930,2021,INDL,C,D,STD,ADNT,USD,A,2510
27354,20211231,2021,INDL,C,D,STD,SELB,USD,A,3520
27364,20211231,2021,INDL,C,D,STD,TWLO,USD,A,4510
27373,20210930,2021,INDL,C,D,STD,VVV,USD,A,1510
27386,20211231,2021,INDL,C,D,STD,JELD,USD,A,2010
27387,20211231,2021,INDL,C,D,STD,PI,USD,A,4530
27392,20211231,2021,INDL,C,D,STD,SYRS,USD,A,3520
27393,20211231,2021,INDL,C,D,STD,HGV,USD,A,2530
27394,20211231,2021,INDL,C,D,STD,PK,USD,A,6010
27574,20211231,2021,INDL,C,D,STD,TPIC,USD,A,2010
27575,20211231,2021,INDL,C,D,STD,GOLF,USD,A,2520
27604,20211231,2021,INDL,C,D,STD,HONE,USD,A,4010
27638,20211231,2021,INDL,C,D,STD,AA,USD,A,1510
27652,20211231,2021,INDL,C,D,STD,KNSL,USD,A,4030
27665,20211231,2021,INDL,C,D,STD,FHB,USD,A,4010
27670,20211231,2021,INDL,C,D,STD,PTGX,USD,A,3520
27706,20211231,2021,INDL,C,D,STD,INSW,USD,A,1010
27716,20211231,2021,INDL,C,D,STD,MDGL,USD,A,3520
27737,20211231,2021,INDL,C,D,STD,ATOM,USD,A,4530
27776,20211231,2021,INDL,C,D,STD,RCKY,USD,A,2520
27803,20211231,2021,INDL,C,D,STD,DFIN,USD,A,4020
27810,20211231,2021,INDL,C,D,STD,LIVN,USD,A,3510
27828,20211231,2021,INDL,C,D,STD,UEIC,USD,A,2520
27871,20211231,2021,INDL,C,D,STD,FBK,USD,A,4010
27874,20211231,2021,INDL,C,D,STD,EVBG,USD,A,4510
27875,20211231,2021,INDL,C,D,STD,ELS,USD,A,6010
27885,20211231,2021,INDL,C,D,STD,TTD,USD,A,4510
27907,20210331,2020,INDL,C,D,STD,ELF,USD,A,3030
27914,20211231,2021,INDL,C,D,STD,HUM,USD,A,3510
27925,20211231,2021,INDL,C,D,STD,AVID,USD,A,4520
27928,20210731,2021,INDL,C,D,STD,INTU,USD,A,4510
27938,20210131,2020,INDL,C,D,STD,SCVL,USD,A,2550
27945,20211231,2021,INDL,C,D,STD,CSTR,USD,A,4010
27960,20211231,2021,INDL,C,D,STD,ALG,USD,A,2010
27965,20210331,2020,INDL,C,D,STD,MCHP,USD,A,4530
27981,20210131,2020,INDL,C,D,STD,CHS,USD,A,2550
28012,20211231,2021,INDL,C,D,STD,FLGT,USD,A,3510
28022,20211231,2021,INDL,C,D,STD,BANF,USD,A,4010
28034,20211231,2021,INDL,C,D,STD,CB,USD,A,4030
28070,20211231,2021,INDL,C,D,STD,ASIX,USD,A,1510
28071,20211231,2021,INDL,C,D,STD,DZSI,USD,A,4520
28084,20210131,2020,INDL,C,D,STD,COUP,USD,A,4510
28118,20211231,2021,INDL,C,D,STD,FOSL,USD,A,2520
28139,20210930,2021,INDL,C,D,STD,SANM,USD,A,4520
28155,20211231,2021,INDL,C,D,STD,TCBK,USD,A,4010
28176,20211231,2021,INDL,C,D,STD,ATR,USD,A,1510
28180,20211231,2021,INDL,C,D,STD,ORLY,USD,A,2550
28191,20211231,2021,INDL,C,D,STD,RCL,USD,A,2530
28195,20210831,2021,INDL,C,D,STD,JBL,USD,A,4520
28209,20211231,2021,INDL,C,D,STD,ANIK,USD,A,3520
28216,20211231,2021,INDL,C,D,STD,RGA,USD,A,4030
28278,20211231,2021,INDL,C,D,STD,GABC,USD,A,4010
28295,20211231,2021,INDL,C,D,STD,TWI,USD,A,2010
28320,20211231,2021,INDL,C,D,STD,CDW,USD,A,4520
28322,20211231,2021,INDL,C,D,STD,HR,USD,A,6010
28323,20211231,2021,INDL,C,D,STD,AKR,USD,A,6010
28340,20211231,2021,INDL,C,D,STD,SKT,USD,A,6010
28349,20211231,2021,INDL,C,D,STD,ALL,USD,A,4030
28367,20211231,2021,INDL,C,D,STD,IRTC,USD,A,3510
28380,20211231,2021,INDL,C,D,STD,OFIX,USD,A,3510
28384,20211231,2021,INDL,C,D,STD,SPNS,USD,A,4510
28397,20211231,2021,INDL,C,D,STD,PZZA,USD,A,2530
28410,20211231,2021,INDL,C,D,STD,BBSI,USD,A,2020
28420,20211231,2021,INDL,C,D,STD,BL,USD,A,4510
28499,20211231,2021,INDL,C,D,STD,YUMC,USD,A,2530
28590,20211231,2021,INDL,C,D,STD,BCO,USD,A,2020
28629,20211231,2021,INDL,C,D,STD,CPT,USD,A,6010
28670,20211231,2021,INDL,C,D,STD,IIPR,USD,A,6010
28704,20211231,2021,INDL,C,D,STD,MCRI,USD,A,2530
28719,20211231,2021,INDL,C,D,STD,CNDT,USD,A,4510
28733,20211231,2021,INDL,C,D,STD,EQR,USD,A,6010
28742,20211231,2021,INDL,C,D,STD,BWA,USD,A,2510
28749,20211231,2021,INDL,C,D,STD,FLL,USD,A,2530
28762,20211231,2021,INDL,C,D,STD,SPTN,USD,A,3010
28769,20211231,2021,INDL,C,D,STD,BFS,USD,A,6010
28785,20211231,2021,INDL,C,D,STD,WINA,USD,A,2550
28787,20210630,2021,INDL,C,D,STD,PFGC,USD,A,3010
28790,20210531,2020,INDL,C,D,STD,LW,USD,A,3020
28806,20210930,2021,INDL,C,D,STD,ARWR,USD,A,3520
28866,20210930,2021,INDL,C,D,STD,CASH,USD,A,4010
28930,20211231,2021,INDL,C,D,STD,MAR,USD,A,2530
28940,20211231,2021,INDL,C,D,STD,BDC,USD,A,4520
28967,20211231,2021,INDL,C,D,STD,QCRH,USD,A,4010
29004,20210930,2021,INDL,C,D,STD,VREX,USD,A,3510
29011,20211231,2021,INDL,C,D,STD,BYD,USD,A,2530
29015,20210331,2020,INDL,C,D,STD,DECK,USD,A,2520
29018,20211231,2021,INDL,C,D,STD,ALBO,USD,A,3520
29028,20210831,2021,INDL,C,D,STD,COST,USD,A,3010
29052,20211231,2021,INDL,C,D,STD,LXP,USD,A,6010
29099,20211231,2021,INDL,C,D,STD,REG,USD,A,6010
29101,20211231,2021,INDL,C,D,STD,FFIN,USD,A,4010
29108,20211231,2021,INDL,C,D,STD,PTEN,USD,A,1010
29127,20211231,2021,INDL,C,D,STD,INCY,USD,A,3520
29133,20211231,2021,INDL,C,D,STD,ITRI,USD,A,4520
29150,20210131,2020,INDL,C,D,STD,URBN,USD,A,2550
29151,20211231,2021,INDL,C,D,STD,CNTY,USD,A,2530
29156,20211231,2021,INDL,C,D,STD,UFPI,USD,A,2010
29191,20211231,2021,INDL,C,D,STD,ICHR,USD,A,4530
29206,20211231,2021,INDL,C,D,STD,FWRD,USD,A,2030
29217,20210831,2021,INDL,C,D,STD,SCHN,USD,A,1510
29241,20210630,2021,INDL,C,D,STD,VIAV,USD,A,4520
29251,20210430,2020,INDL,C,D,STD,KALV,USD,A,3520
29282,20211231,2021,INDL,C,D,STD,NYCB,USD,A,4010
29359,20211231,2021,INDL,C,D,STD,SUI,USD,A,6010
29382,20211231,2021,INDL,C,D,STD,SHOO,USD,A,2520
29389,20211231,2021,INDL,C,D,STD,SPG,USD,A,6010
29392,20211231,2021,INDL,C,D,STD,EMN,USD,A,1510
29449,20211231,2021,INDL,C,D,STD,UFPT,USD,A,3510
29453,20211231,2021,INDL,C,D,STD,LNG,USD,A,1010
29517,20211231,2021,INDL,C,D,STD,MED,USD,A,3030
29609,20210630,2021,INDL,C,D,STD,HAIN,USD,A,3020
29649,20211231,2021,INDL,C,D,STD,MAA,USD,A,6010
29684,20211231,2021,INDL,C,D,STD,JNCE,USD,A,3520
29733,20211231,2021,INDL,C,D,STD,MLM,USD,A,1510
29736,20211231,2021,INDL,C,D,STD,TSCO,USD,A,2550
29751,20211231,2021,INDL,C,D,STD,ALB,USD,A,1510
29755,20210930,2021,INDL,C,D,STD,BZH,USD,A,2520
29804,20211231,2021,INDL,C,D,STD,IVZ,USD,A,4020
29830,20210930,2021,INDL,C,D,STD,WRK,USD,A,1510
29837,20211231,2021,INDL,C,D,STD,BCRX,USD,A,3520
29855,20211231,2021,INDL,C,D,STD,FMNB,USD,A,4010
29868,20211231,2021,INDL,C,D,STD,MAC,USD,A,6010
29875,20211231,2021,INDL,C,D,STD,AVB,USD,A,6010
29901,20210731,2021,INDL,C,D,STD,CPRT,USD,A,2020
29910,20210630,2021,INDL,C,D,STD,SCSC,USD,A,4520
29930,20210331,2020,INDL,C,D,STD,MPAA,USD,A,2510
29962,20211031,2021,INDL,C,D,STD,LMNR,USD,A,3020
29984,20211231,2021,INDL,C,D,STD,PLD,USD,A,6010
29994,20211231,2021,INDL,C,D,STD,FMBH,USD,A,4010
30032,20210331,2020,INDL,C,D,STD,EXP,USD,A,1510
30055,20210630,2021,INDL,C,D,STD,SMBC,USD,A,4010
30059,20210131,2020,INDL,C,D,STD,AEO,USD,A,2550
30067,20211231,2021,INDL,C,D,STD,ADC,USD,A,6010
30098,20211231,2021,INDL,C,D,STD,IR,USD,A,2010
30137,20211231,2021,INDL,C,D,STD,NKTR,USD,A,3520
30222,20211231,2021,INDL,C,D,STD,ABCB,USD,A,4010
30259,20211231,2021,INDL,C,D,STD,PENN,USD,A,2530
30260,20211231,2021,INDL,C,D,STD,SSD,USD,A,2010
30293,20211231,2021,INDL,C,D,STD,ESS,USD,A,6010
30298,20211231,2021,INDL,C,D,STD,HIW,USD,A,6010
30312,20211231,2021,INDL,C,D,STD,IMAX,USD,A,5020
30384,20211231,2021,INDL,C,D,STD,FR,USD,A,6010
30443,20211231,2021,INDL,C,D,STD,FDP,USD,A,3020
30463,20210831,2021,INDL,C,D,STD,GBX,USD,A,2010
30477,20210930,2021,INDL,C,D,STD,MATW,USD,A,2020
30490,20211231,2021,INDL,C,D,STD,AIV,USD,A,6010
30536,20211231,2021,INDL,C,D,STD,GEO,USD,A,2020
30558,20211231,2021,INDL,C,D,STD,MLR,USD,A,2010
30576,20211231,2021,INDL,C,D,STD,ADTN,USD,A,4520
30612,20211231,2021,INDL,C,D,STD,AMED,USD,A,3510
30651,20211231,2021,INDL,C,D,STD,DAR,USD,A,3020
30662,20211231,2021,INDL,C,D,STD,SIRI,USD,A,5020
30822,20211231,2021,INDL,C,D,STD,O,USD,A,6010
30870,20210630,2021,INDL,C,D,STD,AZPN,USD,A,4510
30932,20211231,2021,INDL,C,D,STD,NWBI,USD,A,4010
30990,20211231,2021,INDL,C,D,STD,COF,USD,A,4020
31368,20211231,2021,INDL,C,D,STD,HAFC,USD,A,4010
31453,20211231,2021,INDL,C,D,STD,NSIT,USD,A,4520
31460,20211231,2021,INDL,C,D,STD,RCII,USD,A,2550
31564,20211231,2021,INDL,C,D,STD,ACIW,USD,A,4510
31587,20210131,2020,INDL,C,D,STD,DLTR,USD,A,2550
31607,20211231,2021,INDL,C,D,STD,NATI,USD,A,4520
31673,20210930,2021,INDL,C,D,STD,ABC,USD,A,3510
31752,20211231,2021,INDL,C,D,STD,CBZ,USD,A,2020
31764,20211231,2021,INDL,C,D,STD,BMRC,USD,A,4010
31843,20211231,2021,INDL,C,D,STD,HLIT,USD,A,4520
31846,20210531,2020,INDL,C,D,STD,DRI,USD,A,2530
31887,20210630,2021,INDL,C,D,STD,RMD,USD,A,3510
31895,20211231,2021,INDL,C,D,STD,BHB,USD,A,4010
33652,20210331,2020,INDL,C,D,STD,SKY,USD,A,2520
34010,20211231,2021,INDL,C,D,STD,CRK,USD,A,1010
34636,20210630,2021,INDL,C,D,STD,FOXA,USD,A,5020
35978,20211231,2021,INDL,C,D,STD,ARNC,USD,A,1510
36691,20211231,2021,INDL,C,D,STD,IAC,USD,A,5020
37445,20211231,2021,INDL,C,D,STD,AAN,USD,A,2550
60800,20211231,2021,INDL,C,D,STD,SBGI,USD,A,5020
60900,20211231,2021,INDL,C,D,STD,DISH,USD,A,5020
60902,20211231,2021,INDL,C,D,STD,HA,USD,A,2030
60914,20211231,2021,INDL,C,D,STD,LSI,USD,A,6010
60923,20210131,2020,INDL,C,D,STD,PLAY,USD,A,2530
60979,20211231,2021,INDL,C,D,STD,WAB,USD,A,2010
61155,20211231,2021,INDL,C,D,STD,AAWW,USD,A,2030
61163,20211231,2021,INDL,C,D,STD,SHO,USD,A,6010
61179,20211231,2021,INDL,C,D,STD,KFRC,USD,A,2020
61181,20211231,2021,INDL,C,D,STD,IART,USD,A,3510
61302,20211231,2021,INDL,C,D,STD,ACGL,USD,A,4030
61325,20211231,2021,INDL,C,D,STD,MD,USD,A,3510
61356,20211231,2021,INDL,C,D,STD,NOVT,USD,A,4520
61380,20211231,2021,INDL,C,D,STD,ERIE,USD,A,4030
61388,20211231,2021,INDL,C,D,STD,RE,USD,A,4030
61399,20211231,2021,INDL,C,D,STD,MYGN,USD,A,3520
61408,20211231,2021,INDL,C,D,STD,THG,USD,A,4030
61418,20210930,2021,INDL,C,D,STD,RICK,USD,A,2530
61420,20211231,2021,INDL,C,D,STD,POOL,USD,A,2550
61483,20211231,2021,INDL,C,D,STD,DVA,USD,A,3510
61487,20211231,2021,INDL,C,D,STD,BANR,USD,A,4010
61490,20211231,2021,INDL,C,D,STD,OPK,USD,A,3520
61494,20211231,2021,INDL,C,D,STD,HSIC,USD,A,3510
61519,20211231,2021,INDL,C,D,STD,SWM,USD,A,1510
61562,20211231,2021,INDL,C,D,STD,AEIS,USD,A,4520
61567,20210630,2021,INDL,C,D,STD,EL,USD,A,3030
61574,20211231,2021,INDL,C,D,STD,WAT,USD,A,3520
61585,20211231,2021,INDL,C,D,STD,FFIC,USD,A,4010
61591,20210430,2020,INDL,C,D,STD,NTAP,USD,A,4520
61635,20211231,2021,INDL,C,D,STD,NWPX,USD,A,2010
61655,20211231,2021,INDL,C,D,STD,NVAX,USD,A,3520
61676,20211231,2021,INDL,C,D,STD,CTXS,USD,A,4510
61693,20211231,2021,INDL,C,D,STD,HTLF,USD,A,4010
61711,20211231,2021,INDL,C,D,STD,TGTX,USD,A,3520
61732,20210831,2021,INDL,C,D,STD,MSM,USD,A,2010
61739,20211231,2021,INDL,C,D,STD,HIG,USD,A,4030
61811,20211231,2021,INDL,C,D,STD,SCCO,USD,A,1510
62169,20210531,2020,INDL,C,D,STD,LNDC,USD,A,3020
62221,20210331,2020,INDL,C,D,STD,CMCO,USD,A,2010
62266,20211231,2021,INDL,C,D,STD,CSGS,USD,A,4510
62374,20211231,2021,INDL,C,D,STD,IRM,USD,A,6010
62378,20211231,2021,INDL,C,D,STD,HUBG,USD,A,2030
62396,20210731,2021,INDL,C,D,STD,IDT,USD,A,5010
62475,20211231,2021,INDL,C,D,STD,ABUS,USD,A,3520
62516,20211231,2021,INDL,C,D,STD,CENX,USD,A,1510
62654,20211231,2021,INDL,C,D,STD,SASR,USD,A,4010
62689,20211231,2021,INDL,C,D,STD,TRV,USD,A,4030
62723,20211231,2021,INDL,C,D,STD,TCX,USD,A,4510
62823,20211231,2021,INDL,C,D,STD,FCN,USD,A,2020
62897,20211231,2021,INDL,C,D,STD,TUP,USD,A,2520
62921,20211231,2021,INDL,C,D,STD,NBIX,USD,A,3520
62965,20211231,2021,INDL,C,D,STD,SSNC,USD,A,4510
62979,20211231,2021,INDL,C,D,STD,SBSI,USD,A,4010
63000,20211231,2021,INDL,C,D,STD,RUSHA,USD,A,2010
63080,20211231,2021,INDL,C,D,STD,ANSS,USD,A,4510
63172,20210831,2021,INDL,C,D,STD,FDS,USD,A,4020
63186,20211231,2021,INDL,C,D,STD,QGEN,USD,A,3520
63232,20211231,2021,INDL,C,D,STD,OCFC,USD,A,4010
63290,20211231,2021,INDL,C,D,STD,PEGA,USD,A,4510
63338,20211231,2021,INDL,C,D,STD,STRA,USD,A,2530
63405,20211231,2021,INDL,C,D,STD,GERN,USD,A,3520
63417,20211231,2021,INDL,C,D,STD,TTEC,USD,A,4510
63422,20211231,2021,INDL,C,D,STD,LAMR,USD,A,6010
63447,20210131,2020,INDL,C,D,STD,GES,USD,A,2550
63456,20211231,2021,INDL,C,D,STD,CSV,USD,A,2530
63527,20211231,2021,INDL,C,D,STD,SRCL,USD,A,2020
63531,20211231,2021,INDL,C,D,STD,MVIS,USD,A,4520
63643,20210131,2020,INDL,C,D,STD,ANF,USD,A,2550
63645,20211231,2021,INDL,C,D,STD,ENDP,USD,A,3520
63650,20211231,2021,INDL,C,D,STD,SPPI,USD,A,3520
63700,20211231,2021,INDL,C,D,STD,ATRS,USD,A,3520
63725,20211231,2021,INDL,C,D,STD,WTBA,USD,A,4010
63739,20211231,2021,INDL,C,D,STD,BJRI,USD,A,2530
63763,20210131,2020,INDL,C,D,STD,HIBB,USD,A,2550
63781,20211231,2021,INDL,C,D,STD,WTFC,USD,A,4010
63847,20211231,2021,INDL,C,D,STD,PAG,USD,A,2550
63863,20211231,2021,INDL,C,D,STD,USNA,USD,A,3030
63876,20210331,2020,INDL,C,D,STD,TGI,USD,A,2010
63892,20211231,2021,INDL,C,D,STD,NOV,USD,A,1010
63927,20210731,2021,INDL,C,D,STD,UNFI,USD,A,3010
63986,20210331,2020,INDL,C,D,STD,PLUS,USD,A,4520
64028,20211231,2021,INDL,C,D,STD,NUS,USD,A,3030
64030,20211231,2021,INDL,C,D,STD,STLD,USD,A,1510
64061,20211231,2021,INDL,C,D,STD,FORR,USD,A,2020
64088,20210331,2020,INDL,C,D,STD,VSAT,USD,A,4520
64166,20211231,2021,INDL,C,D,STD,DGX,USD,A,3510
64175,20211231,2021,INDL,C,D,STD,LAD,USD,A,2550
64223,20211231,2021,INDL,C,D,STD,DXPE,USD,A,2010
64275,20210531,2020,INDL,C,D,STD,CALM,USD,A,3020
64302,20211231,2021,INDL,C,D,STD,NSP,USD,A,2020
64306,20211231,2021,INDL,C,D,STD,KRC,USD,A,6010
64327,20211231,2021,INDL,C,D,STD,CERS,USD,A,3510
64334,20211231,2021,INDL,C,D,STD,VCEL,USD,A,3520
64344,20210731,2021,INDL,C,D,STD,MTN,USD,A,2530
64356,20211031,2021,INDL,C,D,STD,CIEN,USD,A,4520
64389,20211231,2021,INDL,C,D,STD,SLGN,USD,A,1510
64410,20210228,2020,INDL,C,D,STD,KMX,USD,A,2550
64536,20211231,2021,INDL,C,D,STD,EEFT,USD,A,4510
64547,20211231,2021,INDL,C,D,STD,SSB,USD,A,4010
64630,20210331,2020,INDL,C,D,STD,TTWO,USD,A,5020
64637,20210930,2021,INDL,C,D,STD,EMKR,USD,A,4520
64699,20211231,2021,INDL,C,D,STD,FBC,USD,A,4010
64766,20211231,2021,INDL,C,D,STD,RMBS,USD,A,4530
64768,20211231,2021,INDL,C,D,STD,AMZN,USD,A,2550
64794,20211231,2021,INDL,C,D,STD,UCBI,USD,A,4010
64821,20211231,2021,INDL,C,D,STD,ARE,USD,A,6010
64853,20210331,2020,INDL,C,D,STD,QRVO,USD,A,4530
64857,20211231,2021,INDL,C,D,STD,SRPT,USD,A,3520
64891,20210331,2020,INDL,C,D,STD,RL,USD,A,2520
64901,20210930,2021,INDL,C,D,STD,MMS,USD,A,4510
64925,20211231,2021,INDL,C,D,STD,BXP,USD,A,6010
64929,20210831,2021,INDL,C,D,STD,SLP,USD,A,3510
64979,20211231,2021,INDL,C,D,STD,PPBI,USD,A,4010
64997,20211231,2021,INDL,C,D,STD,FIX,USD,A,2010
65006,20211231,2021,INDL,C,D,STD,HLX,USD,A,1010
65009,20211231,2021,INDL,C,D,STD,AROC,USD,A,1010
65011,20211231,2021,INDL,C,D,STD,HSKA,USD,A,3510
65021,20210331,2020,INDL,C,D,STD,EGHT,USD,A,4510
65084,20211231,2021,INDL,C,D,STD,CXW,USD,A,2020
65108,20211231,2021,INDL,C,D,STD,JLL,USD,A,6010
65228,20211231,2021,INDL,C,D,STD,UMPQ,USD,A,4010
65235,20211231,2021,INDL,C,D,STD,DHIL,USD,A,4020
65275,20211231,2021,INDL,C,D,STD,BFAM,USD,A,2530
65290,20211231,2021,INDL,C,D,STD,SLG,USD,A,6010
65343,20210831,2021,INDL,C,D,STD,PSMT,USD,A,3010
65399,20210930,2021,INDL,C,D,STD,MTOR,USD,A,2010
65406,20210331,2020,INDL,C,D,STD,PETS,USD,A,2550
65417,20211231,2021,INDL,C,D,STD,YUM,USD,A,2530
65421,20211231,2021,INDL,C,D,STD,FARO,USD,A,4520
65430,20210131,2020,INDL,C,D,STD,PLCE,USD,A,2550
65500,20211231,2021,INDL,C,D,STD,NAT,USD,A,1010
65548,20211231,2021,INDL,C,D,STD,CAC,USD,A,4010
65552,20211231,2021,INDL,C,D,STD,INVE,USD,A,4520
65556,20211231,2021,INDL,C,D,STD,NLY,USD,A,4020
65590,20211231,2021,INDL,C,D,STD,SRI,USD,A,2510
65607,20210630,2021,INDL,C,D,STD,OSIS,USD,A,4520
65609,20211231,2021,INDL,C,D,STD,CHRW,USD,A,2030
65615,20211231,2021,INDL,C,D,STD,CHH,USD,A,2530
65671,20211231,2021,INDL,C,D,STD,DRQ,USD,A,1010
65689,20211231,2021,INDL,C,D,STD,MBWM,USD,A,4010
65702,20211231,2021,INDL,C,D,STD,CWST,USD,A,2020
65710,20211231,2021,INDL,C,D,STD,EPR,USD,A,6010
65718,20211231,2021,INDL,C,D,STD,GPI,USD,A,2550
65772,20211231,2021,INDL,C,D,STD,MTD,USD,A,3520
65796,20211231,2021,INDL,C,D,STD,MOFG,USD,A,4010
65831,20211231,2021,INDL,C,D,STD,SAH,USD,A,2550
65886,20211231,2021,INDL,C,D,STD,AMG,USD,A,4020
66016,20211231,2021,INDL,C,D,STD,INGR,USD,A,3020
66032,20211231,2021,INDL,C,D,STD,POWI,USD,A,4530
66065,20211231,2021,INDL,C,D,STD,URI,USD,A,2010
66235,20211231,2021,INDL,C,D,STD,HOPE,USD,A,4010
66285,20211231,2021,INDL,C,D,STD,HFWA,USD,A,4010
66288,20211231,2021,INDL,C,D,STD,MPB,USD,A,4010
66290,20210228,2020,INDL,C,D,STD,SCS,USD,A,2020
66354,20211231,2021,INDL,C,D,STD,WPC,USD,A,6010
66368,20211231,2021,INDL,C,D,STD,VRSN,USD,A,4510
66371,20210930,2021,INDL,C,D,STD,IESC,USD,A,2010
66393,20210630,2021,INDL,C,D,STD,MRCY,USD,A,2010
66394,20211231,2021,INDL,C,D,STD,PFIS,USD,A,4010
66446,20211231,2021,INDL,C,D,STD,PWR,USD,A,2010
66586,20211231,2021,INDL,C,D,STD,CNXN,USD,A,4520
66588,20210930,2021,INDL,C,D,STD,SRDX,USD,A,3510
66697,20211231,2021,INDL,C,D,STD,INO,USD,A,3520
66929,20211231,2021,INDL,C,D,STD,TPB,USD,A,3020
100873,20211231,2021,INDL,C,D,STD,NLSN,USD,A,2020
104432,20211231,2021,INDL,C,D,STD,NCLH,USD,A,2530
105365,20211231,2021,INDL,C,D,STD,AMT,USD,A,6010
105538,20211231,2021,INDL,C,D,STD,BSRR,USD,A,4010
105670,20211231,2021,INDL,C,D,STD,BRKL,USD,A,4010
105936,20211231,2021,INDL,C,D,STD,COLM,USD,A,2520
107817,20211231,2021,INDL,C,D,STD,PGC,USD,A,4010
109183,20211231,2021,INDL,C,D,STD,PFBC,USD,A,4010
109599,20211231,2021,INDL,C,D,STD,HTBK,USD,A,4010
109621,20211231,2021,INDL,C,D,STD,LBAI,USD,A,4010
109826,20211231,2021,INDL,C,D,STD,MANH,USD,A,4510
109919,20211231,2021,INDL,C,D,STD,CRAI,USD,A,2020
110039,20211231,2021,INDL,C,D,STD,AMKR,USD,A,4530
110179,20211231,2021,INDL,C,D,STD,VTR,USD,A,6010
110566,20211231,2021,INDL,C,D,STD,IOSP,USD,A,1510
110760,20211231,2021,INDL,C,D,STD,AXTI,USD,A,4530
111000,20211231,2021,INDL,C,D,STD,HCKT,USD,A,4510
111103,20210930,2021,INDL,C,D,STD,HZO,USD,A,2550
111534,20211231,2021,INDL,C,D,STD,MSTR,USD,A,4510
111721,20211231,2021,INDL,C,D,STD,EGBN,USD,A,4010
111864,20211231,2021,INDL,C,D,STD,CTSH,USD,A,4510
111873,20210131,2020,INDL,C,D,STD,RH,USD,A,2550
111880,20210930,2021,INDL,C,D,STD,DOX,USD,A,4510
111940,20211231,2021,INDL,C,D,STD,FNLC,USD,A,4010
112111,20211231,2021,INDL,C,D,STD,CSGP,USD,A,2020
112721,20211231,2021,INDL,C,D,STD,RBCAA,USD,A,4010
112759,20211231,2021,INDL,C,D,STD,LEU,USD,A,1010
113490,20211231,2021,INDL,C,D,STD,CCI,USD,A,6010
114524,20211231,2021,INDL,C,D,STD,EBAY,USD,A,2550
114628,20211231,2021,INDL,C,D,STD,GS,USD,A,4020
115876,20211231,2021,INDL,C,D,STD,PB,USD,A,4010
116772,20211231,2021,INDL,C,D,STD,BCOR,USD,A,4020
117036,20211231,2021,INDL,C,D,STD,GDEN,USD,A,2530
117141,20211231,2021,INDL,C,D,STD,EFSC,USD,A,4010
117260,20211231,2021,INDL,C,D,STD,HT,USD,A,6010
117768,20210131,2020,INDL,C,D,STD,NVDA,USD,A,4530
117861,20211231,2021,INDL,C,D,STD,AXL,USD,A,2510
118042,20211231,2021,INDL,C,D,STD,EWBC,USD,A,4010
118223,20210630,2021,INDL,C,D,STD,EPAY,USD,A,4510
118267,20210430,2020,INDL,C,D,STD,KFY,USD,A,2020
118525,20211231,2021,INDL,C,D,STD,EBTC,USD,A,4010
119275,20211231,2021,INDL,C,D,STD,MKSI,USD,A,4530
119316,20211231,2021,INDL,C,D,STD,TREX,USD,A,2010
119414,20210930,2021,INDL,C,D,STD,CFFN,USD,A,4010
119574,20210630,2021,INDL,C,D,STD,EXTR,USD,A,4520
119714,20211231,2021,INDL,C,D,STD,ATLC,USD,A,4020
120048,20211231,2021,INDL,C,D,STD,HSII,USD,A,2020
120093,20211231,2021,INDL,C,D,STD,CNX,USD,A,1010
120318,20211231,2021,INDL,C,D,STD,TOWN,USD,A,4010
120444,20211231,2021,INDL,C,D,STD,WCC,USD,A,2010
121077,20210930,2021,INDL,C,D,STD,FFIV,USD,A,4520
121142,20211231,2021,INDL,C,D,STD,SKX,USD,A,2520
121382,20211231,2021,INDL,C,D,STD,SBAC,USD,A,6010
121440,20211231,2021,INDL,C,D,STD,UTHR,USD,A,3520
121713,20211231,2021,INDL,C,D,STD,FISI,USD,A,4010
121718,20211231,2021,INDL,C,D,STD,JNPR,USD,A,4520
121815,20211231,2021,INDL,C,D,STD,ECPG,USD,A,4020
122211,20210131,2020,INDL,C,D,STD,HOFT,USD,A,2520
122257,20211231,2021,INDL,C,D,STD,BMRN,USD,A,3520
122380,20211231,2021,INDL,C,D,STD,LII,USD,A,2010
122394,20211231,2021,INDL,C,D,STD,PRFT,USD,A,4510
122519,20210630,2021,INDL,C,D,STD,FLWS,USD,A,2550
122902,20210331,2020,INDL,C,D,STD,NTCT,USD,A,4520
124036,20210630,2021,INDL,C,D,STD,EGAN,USD,A,4510
124434,20211231,2021,INDL,C,D,STD,BLK,USD,A,4020
125240,20211231,2021,INDL,C,D,STD,WWE,USD,A,5020
125580,20211231,2021,INDL,C,D,STD,SFST,USD,A,4010
125595,20211231,2021,INDL,C,D,STD,AKAM,USD,A,4510
125604,20211231,2021,INDL,C,D,STD,PLUG,USD,A,2010
125794,20211231,2021,INDL,C,D,STD,NEO,USD,A,3520
126056,20211231,2021,INDL,C,D,STD,KTOS,USD,A,2010
126136,20211231,2021,INDL,C,D,STD,CHTR,USD,A,5020
126296,20211231,2021,INDL,C,D,STD,EXPE,USD,A,2530
126554,20211031,2021,INDL,C,D,STD,A,USD,A,3520
126721,20211231,2021,INDL,C,D,STD,TDY,USD,A,4520
127377,20211231,2021,INDL,C,D,STD,BGCP,USD,A,4020
128978,20211231,2021,INDL,C,D,STD,PKG,USD,A,1510
129466,20211231,2021,INDL,C,D,STD,AGEN,USD,A,3520
133288,20211231,2021,INDL,C,D,STD,SLAB,USD,A,4530
133366,20211231,2021,INDL,C,D,STD,EW,USD,A,3510
133367,20210930,2021,INDL,C,D,STD,EPC,USD,A,3030
133468,20211231,2021,INDL,C,D,STD,RIGL,USD,A,3520
133726,20210930,2021,INDL,C,D,STD,CCMP,USD,A,4530
133766,20211231,2021,INDL,C,D,STD,HSTM,USD,A,3510
133768,20211231,2021,INDL,C,D,STD,MET,USD,A,4030
133869,20211231,2021,INDL,C,D,STD,LPSN,USD,A,4510
133871,20211231,2021,INDL,C,D,STD,SGMO,USD,A,3520
133885,20211231,2021,INDL,C,D,STD,EXEL,USD,A,3520
134932,20211231,2021,INDL,C,D,STD,ON,USD,A,4530
135788,20211231,2021,INDL,C,D,STD,CEVA,USD,A,4530
135990,20211231,2021,INDL,C,D,STD,NRG,USD,A,5510
136186,20211231,2021,INDL,C,D,STD,INSM,USD,A,3520
136265,20211231,2021,INDL,C,D,STD,PACW,USD,A,4010
136648,20211231,2021,INDL,C,D,STD,VC,USD,A,2510
136725,20211231,2021,INDL,C,D,STD,ISRG,USD,A,3510
137131,20211231,2021,INDL,C,D,STD,CRL,USD,A,3520
137310,20210131,2020,INDL,C,D,STD,MRVL,USD,A,4530
137351,20211231,2021,INDL,C,D,STD,BHLB,USD,A,4010
137573,20211231,2021,INDL,C,D,STD,ENTG,USD,A,4530
137602,20211231,2021,INDL,C,D,STD,ACLS,USD,A,4530
137943,20211231,2021,INDL,C,D,STD,EVC,USD,A,5020
138205,20211231,2021,INDL,C,D,STD,ILMN,USD,A,3520
138341,20211231,2021,INDL,C,D,STD,CRIS,USD,A,3520
138483,20211231,2021,INDL,C,D,STD,BRKR,USD,A,3520
138743,20211231,2021,INDL,C,D,STD,EQIX,USD,A,6010
139025,20211231,2021,INDL,C,D,STD,PNFP,USD,A,4010
139665,20211231,2021,INDL,C,D,STD,MCO,USD,A,4020
139804,20211231,2021,INDL,C,D,STD,TTMI,USD,A,4520
140044,20211231,2021,INDL,C,D,STD,DRRX,USD,A,3520
140073,20211231,2021,INDL,C,D,STD,ITGR,USD,A,3510
140988,20211231,2021,INDL,C,D,STD,TNET,USD,A,2020
141178,20211231,2021,INDL,C,D,STD,INSG,USD,A,4520
141277,20211231,2021,INDL,C,D,STD,EXAS,USD,A,3520
141384,20211231,2021,INDL,C,D,STD,ALGN,USD,A,3510
141459,20211231,2021,INDL,C,D,STD,GRMN,USD,A,2520
141460,20211231,2021,INDL,C,D,STD,SGEN,USD,A,3520
141469,20211231,2021,INDL,C,D,STD,HBIO,USD,A,3520
141496,20211231,2021,INDL,C,D,STD,DVAX,USD,A,3520
141846,20211231,2021,INDL,C,D,STD,ACAD,USD,A,3520
141913,20211231,2021,INDL,C,D,STD,GPN,USD,A,4510
142260,20211231,2021,INDL,C,D,STD,OIS,USD,A,1010
142337,20211231,2021,INDL,C,D,STD,NOG,USD,A,1010
142814,20210630,2021,INDL,C,D,STD,SYNA,USD,A,4530
142953,20211231,2021,INDL,C,D,STD,MDLZ,USD,A,3020
142956,20211231,2021,INDL,C,D,STD,OMCL,USD,A,3510
143356,20211231,2021,INDL,C,D,STD,PRU,USD,A,4030
143357,20210831,2021,INDL,C,D,STD,ACN,USD,A,4510
144396,20211231,2021,INDL,C,D,STD,CCRN,USD,A,3510
144435,20211231,2021,INDL,C,D,STD,BG,USD,A,3020
144437,20211231,2021,INDL,C,D,STD,PDFS,USD,A,4530
144520,20211231,2021,INDL,C,D,STD,AMN,USD,A,3510
144559,20211231,2021,INDL,C,D,STD,ZBH,USD,A,3510
144640,20211231,2021,INDL,C,D,STD,ABG,USD,A,2550
144998,20211231,2021,INDL,C,D,STD,XPO,USD,A,2030
145041,20211231,2021,INDL,C,D,STD,BGFV,USD,A,2550
145046,20211231,2021,INDL,C,D,STD,ANTM,USD,A,3510
145049,20210131,2020,INDL,C,D,STD,GME,USD,A,2550
145552,20211231,2021,INDL,C,D,STD,CNC,USD,A,3510
145701,20211231,2021,INDL,C,D,STD,PFG,USD,A,4030
145977,20211231,2021,INDL,C,D,STD,AAP,USD,A,2550
146017,20210831,2021,INDL,C,D,STD,AYI,USD,A,2010
146140,20211231,2021,INDL,C,D,STD,PDM,USD,A,6010
146171,20211231,2021,INDL,C,D,STD,MANT,USD,A,2020
146616,20211231,2021,INDL,C,D,STD,CORT,USD,A,3520
146648,20211231,2021,INDL,C,D,STD,CUTR,USD,A,3510
147204,20211231,2021,INDL,C,D,STD,CCOI,USD,A,5010
147242,20210131,2020,INDL,C,D,STD,VRNT,USD,A,4510
147305,20211231,2021,INDL,C,D,STD,JBLU,USD,A,2030
147579,20211231,2021,INDL,C,D,STD,NFLX,USD,A,5020
147708,20211031,2021,INDL,C,D,STD,CVGW,USD,A,3020
147849,20211231,2021,INDL,C,D,STD,CPSI,USD,A,3510
147868,20211231,2021,INDL,C,D,STD,OSTK,USD,A,2550
147988,20210930,2021,INDL,C,D,STD,ACM,USD,A,2010
148223,20211231,2021,INDL,C,D,STD,GLDD,USD,A,2010
148349,20210930,2021,INDL,C,D,STD,TDG,USD,A,2010
148350,20211231,2021,INDL,C,D,STD,TA,USD,A,2550
148390,20211231,2021,INDL,C,D,STD,FORM,USD,A,4530
148469,20211231,2021,INDL,C,D,STD,SAFT,USD,A,4030
148950,20211231,2021,INDL,C,D,STD,NPO,USD,A,2010
149070,20211231,2021,INDL,C,D,STD,CME,USD,A,4020
149177,20211231,2021,INDL,C,D,STD,NXST,USD,A,5020
149318,20211231,2021,INDL,C,D,STD,WYNN,USD,A,2530
149337,20211231,2021,INDL,C,D,STD,NDAQ,USD,A,4020
149618,20211231,2021,INDL,C,D,STD,BANC,USD,A,4010
150139,20210131,2020,INDL,C,D,STD,DKS,USD,A,2550
150278,20211231,2021,INDL,C,D,STD,CRI,USD,A,2520
150279,20211231,2021,INDL,C,D,STD,PFS,USD,A,4010
150306,20211231,2021,INDL,C,D,STD,TCBI,USD,A,4010
150477,20211231,2021,INDL,C,D,STD,PRAA,USD,A,4020
150481,20211231,2021,INDL,C,D,STD,SAIA,USD,A,2030
151630,20211231,2021,INDL,C,D,STD,HALO,USD,A,3520
152049,20211231,2021,INDL,C,D,STD,FBMS,USD,A,4010
152149,20211231,2021,INDL,C,D,STD,MOH,USD,A,3510
153130,20211231,2021,INDL,C,D,STD,AXS,USD,A,4030
154039,20211231,2021,INDL,C,D,STD,NTGR,USD,A,4520
154739,20211231,2021,INDL,C,D,STD,GOOD,USD,A,6010
155280,20211231,2021,INDL,C,D,STD,ATSG,USD,A,2030
155393,20211231,2021,INDL,C,D,STD,WLL,USD,A,1010
155394,20211231,2021,INDL,C,D,STD,LKQ,USD,A,2550
155738,20211231,2021,INDL,C,D,STD,NNI,USD,A,4020
155754,20211231,2021,INDL,C,D,STD,AHT,USD,A,6010
156155,20211130,2021,INDL,C,D,STD,SNX,USD,A,4520
156383,20211231,2021,INDL,C,D,STD,AEL,USD,A,4030
156614,20210131,2020,INDL,C,D,STD,CONN,USD,A,2550
156861,20211231,2021,INDL,C,D,STD,TPX,USD,A,2520
156953,20211231,2021,INDL,C,D,STD,HTH,USD,A,4010
157057,20211231,2021,INDL,C,D,STD,AIZ,USD,A,4030
157153,20210930,2021,INDL,C,D,STD,CMP,USD,A,1510
157679,20211231,2021,INDL,C,D,STD,SRC,USD,A,6010
157855,20210131,2020,INDL,C,D,STD,CRM,USD,A,4510
157865,20210630,2021,INDL,C,D,STD,MEIP,USD,A,3520
157955,20211231,2021,INDL,C,D,STD,AGO,USD,A,4030
158053,20211231,2021,INDL,C,D,STD,NYMT,USD,A,4020
158354,20211231,2021,INDL,C,D,STD,GNW,USD,A,4030
158563,20211231,2021,INDL,C,D,STD,CYTK,USD,A,3520
158587,20211231,2021,INDL,C,D,STD,TBBK,USD,A,4010
158737,20211231,2021,INDL,C,D,STD,SP,USD,A,2020
158742,20211231,2021,INDL,C,D,STD,MKTX,USD,A,4020
158743,20211231,2021,INDL,C,D,STD,BGS,USD,A,3020
160173,20211231,2021,INDL,C,D,STD,ABR,USD,A,4020
160211,20211231,2021,INDL,C,D,STD,DPZ,USD,A,2530
160225,20211231,2021,INDL,C,D,STD,MA,USD,A,4510
160329,20211231,2021,INDL,C,D,STD,GOOGL,USD,A,5020
160340,20211231,2021,INDL,C,D,STD,MNKD,USD,A,3520
160341,20211231,2021,INDL,C,D,STD,WTI,USD,A,1010
160373,20211231,2021,INDL,C,D,STD,MORN,USD,A,4020
160376,20211231,2021,INDL,C,D,STD,TXRH,USD,A,2530
160479,20211231,2021,INDL,C,D,STD,EXR,USD,A,6010
160598,20210930,2021,INDL,C,D,STD,BECN,USD,A,2010
160621,20211231,2021,INDL,C,D,STD,SFL,USD,A,1010
160668,20211231,2021,INDL,C,D,STD,INVA,USD,A,3520
160681,20211231,2021,INDL,C,D,STD,HY,USD,A,2010
160684,20211231,2021,INDL,C,D,STD,WLK,USD,A,1510
160706,20211231,2021,INDL,C,D,STD,DRH,USD,A,6010
160770,20211231,2021,INDL,C,D,STD,MRTX,USD,A,3520
160776,20211231,2021,INDL,C,D,STD,SBNY,USD,A,4010
160785,20211231,2021,INDL,C,D,STD,VVI,USD,A,2020
160888,20211231,2021,INDL,C,D,STD,MPWR,USD,A,4530
160893,20210331,2020,INDL,C,D,STD,ENS,USD,A,2010
160913,20211231,2021,INDL,C,D,STD,ORA,USD,A,5510
160990,20211231,2021,INDL,C,D,STD,CUBE,USD,A,6010
160991,20211231,2021,INDL,C,D,STD,DLR,USD,A,6010
161048,20211231,2021,INDL,C,D,STD,ACC,USD,A,6010
161813,20211231,2021,INDL,C,D,STD,BXC,USD,A,2010
161844,20211231,2021,INDL,C,D,STD,LVS,USD,A,2530
161853,20210630,2021,INDL,C,D,STD,KRNY,USD,A,4010
161997,20211231,2021,INDL,C,D,STD,HURN,USD,A,2020
162127,20211231,2021,INDL,C,D,STD,CNSL,USD,A,5010
162129,20211231,2021,INDL,C,D,STD,MOS,USD,A,1510
162146,20211231,2021,INDL,C,D,STD,CYRX,USD,A,3510
162160,20211231,2021,INDL,C,D,STD,MPW,USD,A,6010
162254,20211231,2021,INDL,C,D,STD,CE,USD,A,1510
162264,20211231,2021,INDL,C,D,STD,NP,USD,A,1510
162293,20211231,2021,INDL,C,D,STD,INBK,USD,A,4010
162335,20210331,2020,INDL,C,D,STD,PBH,USD,A,3520
162354,20210930,2021,INDL,C,D,STD,DLB,USD,A,4510
162385,20211231,2021,INDL,C,D,STD,WEX,USD,A,4510
162401,20211231,2021,INDL,C,D,STD,HUN,USD,A,1510
162404,20211231,2021,INDL,C,D,STD,LHCG,USD,A,3510
162449,20211231,2021,INDL,C,D,STD,EXLS,USD,A,4510
162453,20211231,2021,INDL,C,D,STD,AMTX,USD,A,1010
162559,20211231,2021,INDL,C,D,STD,LAZ,USD,A,4020
162887,20211231,2021,INDL,C,D,STD,DXCM,USD,A,3510
162988,20210131,2020,INDL,C,D,STD,ZUMZ,USD,A,2550
163036,20211231,2021,INDL,C,D,STD,BLDR,USD,A,2010
163051,20210131,2020,INDL,C,D,STD,CTRN,USD,A,2550
163113,20211231,2021,INDL,C,D,STD,KOP,USD,A,1510
163610,20211231,2021,INDL,C,D,STD,ICE,USD,A,4020
163678,20211231,2021,INDL,C,D,STD,EVRI,USD,A,2530
163685,20211231,2021,INDL,C,D,STD,EGLE,USD,A,2030
163765,20211231,2021,INDL,C,D,STD,CPS,USD,A,2510
163884,20211231,2021,INDL,C,D,STD,FSP,USD,A,6010
163889,20211231,2021,INDL,C,D,STD,ATRC,USD,A,3510
163891,20211231,2021,INDL,C,D,STD,RUTH,USD,A,2530
163920,20211231,2021,INDL,C,D,STD,WAL,USD,A,4010
163924,20211231,2021,INDL,C,D,STD,JRVR,USD,A,4030
163930,20211231,2021,INDL,C,D,STD,GNK,USD,A,2030
163946,20211231,2021,INDL,C,D,STD,CF,USD,A,1510
163965,20211231,2021,INDL,C,D,STD,CTSO,USD,A,3510
163983,20211231,2021,INDL,C,D,STD,THS,USD,A,3020
164086,20210630,2021,INDL,C,D,STD,CMPR,USD,A,2020
164116,20211231,2021,INDL,C,D,STD,OFLX,USD,A,2010
164363,20211231,2021,INDL,C,D,STD,TROX,USD,A,1510
164365,20211231,2021,INDL,C,D,STD,WSBF,USD,A,4010
164416,20211231,2021,INDL,C,D,STD,IRBT,USD,A,2520
164494,20211231,2021,INDL,C,D,STD,SPR,USD,A,2010
164506,20211231,2021,INDL,C,D,STD,ACCO,USD,A,2020
164572,20211231,2021,INDL,C,D,STD,AMSF,USD,A,4030
164633,20211231,2021,INDL,C,D,STD,HOMB,USD,A,4010
164652,20211231,2021,INDL,C,D,STD,BKD,USD,A,3510
164660,20211231,2021,INDL,C,D,STD,CCO,USD,A,5020
164708,20211231,2021,INDL,C,D,STD,AMP,USD,A,4020
164755,20211231,2021,INDL,C,D,STD,CROX,USD,A,2520
165051,20211231,2021,INDL,C,D,STD,SPWR,USD,A,4530
165052,20211231,2021,INDL,C,D,STD,UAA,USD,A,2520
165123,20211231,2021,INDL,C,D,STD,LDOS,USD,A,2020
165262,20211231,2021,INDL,C,D,STD,DHT,USD,A,1010
165264,20211231,2021,INDL,C,D,STD,FNF,USD,A,4030
165637,20211231,2021,INDL,C,D,STD,URG,USD,A,1010
165678,20211231,2021,INDL,C,D,STD,CPA,USD,A,2030
165746,20211231,2021,INDL,C,D,STD,LYV,USD,A,5020
165798,20210731,2021,INDL,C,D,STD,UEC,USD,A,1010
165856,20211231,2021,INDL,C,D,STD,HEES,USD,A,2010
165914,20211231,2021,INDL,C,D,STD,CMG,USD,A,2530
165993,20211231,2021,INDL,C,D,STD,FIS,USD,A,4510
166213,20210930,2021,INDL,C,D,STD,LQDT,USD,A,2550
166435,20211231,2021,INDL,C,D,STD,VNDA,USD,A,3520
166447,20210930,2021,INDL,C,D,STD,AVXL,USD,A,3520
166482,20210930,2021,INDL,C,D,STD,MWA,USD,A,2010
166555,20211231,2021,INDL,C,D,STD,ATEC,USD,A,3510
166562,20211231,2021,INDL,C,D,STD,VG,USD,A,4510
166563,20211231,2021,INDL,C,D,STD,DK,USD,A,1010
166583,20211231,2021,INDL,C,D,STD,LUNA,USD,A,4520
170384,20211231,2021,INDL,C,D,STD,GOGO,USD,A,5010
170396,20211231,2021,INDL,C,D,STD,CUBI,USD,A,4010
170419,20210630,2021,INDL,C,D,STD,HTBI,USD,A,4010
170450,20210831,2021,INDL,C,D,STD,ORMP,USD,A,3520
170520,20211231,2021,INDL,C,D,STD,RDUS,USD,A,3520
170527,20210930,2021,INDL,C,D,STD,POST,USD,A,3020
170616,20210131,2020,INDL,C,D,STD,SPLK,USD,A,4510
170617,20211231,2021,INDL,C,D,STD,FB,USD,A,5020
170714,20211231,2021,INDL,C,D,STD,ESRT,USD,A,6010
170750,20211231,2021,INDL,C,D,STD,FANG,USD,A,1010
170841,20211231,2021,INDL,C,D,STD,PSX,USD,A,1010
171002,20211231,2021,INDL,C,D,STD,GMED,USD,A,3510
171007,20211231,2021,INDL,C,D,STD,NOW,USD,A,4510
171049,20211231,2021,INDL,C,D,STD,BLMN,USD,A,2530
171067,20210731,2021,INDL,C,D,STD,PANW,USD,A,4510
171141,20210131,2020,INDL,C,D,STD,FIVE,USD,A,2550
174022,20211231,2021,INDL,C,D,STD,RLGY,USD,A,6010
174049,20211231,2021,INDL,C,D,STD,PGTI,USD,A,2010
174077,20210331,2020,INDL,C,D,STD,CVLT,USD,A,4510
174134,20211231,2021,INDL,C,D,STD,PTCT,USD,A,3520
174236,20211231,2021,INDL,C,D,STD,SEM,USD,A,3510
174310,20211231,2021,INDL,C,D,STD,KBR,USD,A,2020
174389,20211231,2021,INDL,C,D,STD,EHTH,USD,A,4030
174390,20211231,2021,INDL,C,D,STD,LMAT,USD,A,3510
174428,20211231,2021,INDL,C,D,STD,INFU,USD,A,3510
174637,20211231,2021,INDL,C,D,STD,ICFI,USD,A,2020
174744,20211231,2021,INDL,C,D,STD,EVR,USD,A,4020
175007,20211231,2021,INDL,C,D,STD,ALGT,USD,A,2030
175008,20211231,2021,INDL,C,D,STD,FOLD,USD,A,3520
175263,20211231,2021,INDL,C,D,STD,WU,USD,A,4510
175307,20211231,2021,INDL,C,D,STD,DEI,USD,A,6010
175319,20211231,2021,INDL,C,D,STD,HBI,USD,A,2520
175404,20211231,2021,INDL,C,D,STD,FSLR,USD,A,4530
175523,20211231,2021,INDL,C,D,STD,GSAT,USD,A,5010
175654,20211231,2021,INDL,C,D,STD,WLDN,USD,A,2020
175686,20211231,2021,INDL,C,D,STD,PRIM,USD,A,2010
175689,20211231,2021,INDL,C,D,STD,AWI,USD,A,2010
175900,20210930,2021,INDL,C,D,STD,SBH,USD,A,2550
175955,20211231,2021,INDL,C,D,STD,IPGP,USD,A,4520
175966,20211231,2021,INDL,C,D,STD,CPRX,USD,A,3520
176017,20211231,2021,INDL,C,D,STD,ATHX,USD,A,3520
176022,20211231,2021,INDL,C,D,STD,EBS,USD,A,3520
176234,20211231,2021,INDL,C,D,STD,CTT,USD,A,6010
176247,20211231,2021,INDL,C,D,STD,AIMC,USD,A,2010
176343,20211231,2021,INDL,C,D,STD,CLNE,USD,A,1010
176362,20210430,2020,INDL,C,D,STD,AVAV,USD,A,2010
176572,20210630,2021,INDL,C,D,STD,AVNW,USD,A,4520
176591,20211231,2021,INDL,C,D,STD,EIG,USD,A,4030
176593,20211231,2021,INDL,C,D,STD,PRTS,USD,A,2550
176602,20211231,2021,INDL,C,D,STD,ESGR,USD,A,4030
176670,20210630,2021,INDL,C,D,STD,ARAY,USD,A,3510
176701,20211231,2021,INDL,C,D,STD,IBKR,USD,A,4020
176766,20210930,2021,INDL,C,D,STD,TFSL,USD,A,4010
176928,20210630,2021,INDL,C,D,STD,BR,USD,A,4510
177088,20211231,2021,INDL,C,D,STD,BX,USD,A,4020
177108,20211231,2021,INDL,C,D,STD,CNK,USD,A,5020
177111,20211231,2021,INDL,C,D,STD,TTGT,USD,A,5020
177227,20211231,2021,INDL,C,D,STD,PODD,USD,A,3510
177257,20211231,2021,INDL,C,D,STD,INFN,USD,A,4520
177287,20211231,2021,INDL,C,D,STD,JAZZ,USD,A,3520
177315,20211231,2021,INDL,C,D,STD,LLNW,USD,A,4510
177367,20211231,2021,INDL,C,D,STD,CDXC,USD,A,3520
177376,20211231,2021,INDL,C,D,STD,DFS,USD,A,4020
177637,20211231,2021,INDL,C,D,STD,AMC,USD,A,5020
177640,20211231,2021,INDL,C,D,STD,TIPT,USD,A,4030
177744,20211231,2021,INDL,C,D,STD,PRO,USD,A,4510
177881,20211231,2021,INDL,C,D,STD,MASI,USD,A,3510
177966,20211231,2021,INDL,C,D,STD,ALSN,USD,A,2010
177983,20211231,2021,INDL,C,D,STD,G,USD,A,4510
178015,20210131,2020,INDL,C,D,STD,LULU,USD,A,2520
178073,20211231,2021,INDL,C,D,STD,RILY,USD,A,4020
178083,20210131,2020,INDL,C,D,STD,VMW,USD,A,4510
178310,20211231,2021,INDL,C,D,STD,TDC,USD,A,4510
178507,20211231,2021,INDL,C,D,STD,MSCI,USD,A,4020
178519,20211231,2021,INDL,C,D,STD,LPLA,USD,A,4020
178539,20211231,2021,INDL,C,D,STD,ROIC,USD,A,6010
178552,20211231,2021,INDL,C,D,STD,TGH,USD,A,2010
178672,20211231,2021,INDL,C,D,STD,CVI,USD,A,1010
178704,20210131,2020,INDL,C,D,STD,ULTA,USD,A,2550
178797,20211231,2021,INDL,C,D,STD,APEI,USD,A,2530
178803,20211231,2021,INDL,C,D,STD,ENSG,USD,A,3510
178806,20211231,2021,INDL,C,D,STD,LL,USD,A,2550
178834,20211231,2021,INDL,C,D,STD,NFBK,USD,A,4010
178862,20211231,2021,INDL,C,D,STD,CIM,USD,A,4020
178973,20210131,2020,INDL,C,D,STD,TITN,USD,A,2010
178976,20210630,2021,INDL,C,D,STD,LRN,USD,A,2530
179413,20210630,2021,INDL,C,D,STD,CSII,USD,A,3510
179437,20211231,2021,INDL,C,D,STD,AWK,USD,A,5510
179534,20210930,2021,INDL,C,D,STD,V,USD,A,4510
179583,20210630,2021,INDL,C,D,STD,FN,USD,A,4520
179597,20211231,2021,INDL,C,D,STD,HCCI,USD,A,2020
179598,20211231,2021,INDL,C,D,STD,CLDX,USD,A,3520
179621,20211231,2021,INDL,C,D,STD,PM,USD,A,3020
179657,20210930,2021,INDL,C,D,STD,HI,USD,A,2010
179671,20211231,2021,INDL,C,D,STD,CCXI,USD,A,3520
179738,20211231,2021,INDL,C,D,STD,ERII,USD,A,2010
179741,20211231,2021,INDL,C,D,STD,KKR,USD,A,4020
179819,20211031,2021,INDL,C,D,STD,NX,USD,A,2010
179834,20211231,2021,INDL,C,D,STD,CDNA,USD,A,3520
179841,20211231,2021,INDL,C,D,STD,CDXS,USD,A,3520
179843,20211231,2021,INDL,C,D,STD,IPI,USD,A,1510
179889,20211231,2021,INDL,C,D,STD,AGNC,USD,A,4020
179974,20211231,2021,INDL,C,D,STD,HCI,USD,A,4030
180016,20211231,2021,INDL,C,D,STD,MRC,USD,A,2010
180083,20211231,2021,INDL,C,D,STD,LOPE,USD,A,2530
180183,20211231,2021,INDL,C,D,STD,HBCP,USD,A,4010
180228,20211231,2021,INDL,C,D,STD,IVR,USD,A,4020
180405,20211231,2021,INDL,C,D,STD,ATVI,USD,A,5020
180466,20211231,2021,INDL,C,D,STD,JBT,USD,A,2010
180483,20210930,2021,INDL,C,D,STD,BERY,USD,A,1510
180646,20211231,2021,INDL,C,D,STD,MYRG,USD,A,2010
180652,20211231,2021,INDL,C,D,STD,VRSK,USD,A,2020
180683,20210630,2021,INDL,C,D,STD,IBIO,USD,A,3520
180711,20211031,2021,INDL,C,D,STD,AVGO,USD,A,4530
181104,20211231,2021,INDL,C,D,STD,MDRX,USD,A,3510
181269,20211231,2021,INDL,C,D,STD,GPRE,USD,A,1010
181290,20211231,2021,INDL,C,D,STD,DMRC,USD,A,4510
181931,20211231,2021,INDL,C,D,STD,CLW,USD,A,1510
181989,20211231,2021,INDL,C,D,STD,SLCA,USD,A,1010
183283,20211231,2021,INDL,C,D,STD,ADUS,USD,A,3510
183322,20211231,2021,INDL,C,D,STD,TXMD,USD,A,3520
183324,20211231,2021,INDL,C,D,STD,PMT,USD,A,4020
183366,20211231,2021,INDL,C,D,STD,H,USD,A,2530
183377,20211231,2021,INDL,C,D,STD,FTNT,USD,A,4510
183388,20211231,2021,INDL,C,D,STD,STWD,USD,A,4020
183581,20211231,2021,INDL,C,D,STD,KAR,USD,A,2020
183593,20211231,2021,INDL,C,D,STD,OMER,USD,A,3520
183602,20211231,2021,INDL,C,D,STD,SRNE,USD,A,3520
183606,20211231,2021,INDL,C,D,STD,ARI,USD,A,4020
183640,20211231,2021,INDL,C,D,STD,IRDM,USD,A,5010
183736,20211231,2021,INDL,C,D,STD,GNRC,USD,A,2010
183780,20211231,2021,INDL,C,D,STD,TWO,USD,A,4020
183797,20211231,2021,INDL,C,D,STD,COWN,USD,A,4020
183822,20211231,2021,INDL,C,D,STD,ARR,USD,A,4020
183830,20211231,2021,INDL,C,D,STD,PEB,USD,A,6010
183833,20211231,2021,INDL,C,D,STD,TRNO,USD,A,6010
183902,20211231,2021,INDL,C,D,STD,EFC,USD,A,4020
183903,20211231,2021,INDL,C,D,STD,CALX,USD,A,4520
183942,20211231,2021,INDL,C,D,STD,ST,USD,A,2010
183974,20211231,2021,INDL,C,D,STD,SPSC,USD,A,4510
184113,20211231,2021,INDL,C,D,STD,VUZI,USD,A,2520
184167,20211231,2021,INDL,C,D,STD,FIBK,USD,A,4010
184254,20211231,2021,INDL,C,D,STD,APO,USD,A,4020
184256,20211231,2021,INDL,C,D,STD,IRWD,USD,A,3520
184258,20211231,2021,INDL,C,D,STD,PLOW,USD,A,2010
184263,20210630,2021,INDL,C,D,STD,QNST,USD,A,5020
184352,20211231,2021,INDL,C,D,STD,STNG,USD,A,1010
184392,20211231,2021,INDL,C,D,STD,GDOT,USD,A,4020
184465,20211231,2021,INDL,C,D,STD,AMPE,USD,A,3520
184500,20211231,2021,INDL,C,D,STD,CBOE,USD,A,4020
184551,20211231,2021,INDL,C,D,STD,MXL,USD,A,4530
184576,20211231,2021,INDL,C,D,STD,ENV,USD,A,4510
184604,20210630,2021,INDL,C,D,STD,AOSL,USD,A,4530
184688,20211231,2021,INDL,C,D,STD,CLDT,USD,A,6010
184700,20211231,2021,INDL,C,D,STD,FLT,USD,A,4510
184702,20211231,2021,INDL,C,D,STD,NPTN,USD,A,4530
184717,20211231,2021,INDL,C,D,STD,AMRS,USD,A,1510
184725,20211231,2021,INDL,C,D,STD,NXPI,USD,A,4530
184899,20211231,2021,INDL,C,D,STD,FAF,USD,A,4030
184957,20211231,2021,INDL,C,D,STD,WKHS,USD,A,2510
184996,20211231,2021,INDL,C,D,STD,TSLA,USD,A,2510
185018,20211231,2021,INDL,C,D,STD,HPP,USD,A,6010
185128,20211231,2021,INDL,C,D,STD,AMRC,USD,A,2010
185138,20211231,2021,INDL,C,D,STD,VPG,USD,A,4520
185229,20211231,2021,INDL,C,D,STD,BWXT,USD,A,2010
185339,20211231,2021,INDL,C,D,STD,STAG,USD,A,6010
185345,20211231,2021,INDL,C,D,STD,APTS,USD,A,6010
185355,20211231,2021,INDL,C,D,STD,HZNP,USD,A,3520
185370,20211231,2021,INDL,C,D,STD,WD,USD,A,4010
185375,20211231,2021,INDL,C,D,STD,EVTC,USD,A,4510
185396,20211231,2021,INDL,C,D,STD,INN,USD,A,6010
185419,20211231,2021,INDL,C,D,STD,PACB,USD,A,3520
185453,20211231,2021,INDL,C,D,STD,WSR,USD,A,6010
185532,20211231,2021,INDL,C,D,STD,TRGP,USD,A,1010
185549,20211231,2021,INDL,C,D,STD,AAT,USD,A,6010
185618,20211231,2021,INDL,C,D,STD,SBRA,USD,A,6010
185624,20211231,2021,INDL,C,D,STD,SAVE,USD,A,2030
185659,20211231,2021,INDL,C,D,STD,ATOS,USD,A,3520
185770,20211231,2021,INDL,C,D,STD,CMRE,USD,A,2030
185797,20211231,2021,INDL,C,D,STD,HHC,USD,A,6010
185824,20211231,2021,INDL,C,D,STD,BKU,USD,A,4010
185836,20211231,2021,INDL,C,D,STD,PCRX,USD,A,3520
185881,20210331,2020,INDL,C,D,STD,BAH,USD,A,2020
185952,20211031,2021,INDL,C,D,STD,REVG,USD,A,2010
186276,20211231,2021,INDL,C,D,STD,KOS,USD,A,1010
186278,20211231,2021,INDL,C,D,STD,AL,USD,A,2010
186310,20211231,2021,INDL,C,D,STD,HII,USD,A,2010
186360,20210331,2020,INDL,C,D,STD,THR,USD,A,2010
186363,20211231,2021,INDL,C,D,STD,RLJ,USD,A,6010
186392,20211231,2021,INDL,C,D,STD,SEAS,USD,A,2530
186437,20211231,2021,INDL,C,D,STD,GEVO,USD,A,1010
186773,20211231,2021,INDL,C,D,STD,SXC,USD,A,1510
186858,20210930,2021,INDL,C,D,STD,ARMK,USD,A,2530
186960,20211231,2021,INDL,C,D,STD,CHEF,USD,A,3010
186989,20211231,2021,INDL,C,D,STD,MPC,USD,A,1010
187039,20211231,2021,INDL,C,D,STD,Z,USD,A,6010
187084,20211231,2021,INDL,C,D,STD,PRTY,USD,A,2550
187148,20211231,2021,INDL,C,D,STD,ORC,USD,A,4020
187164,20211231,2021,INDL,C,D,STD,HMST,USD,A,4010
187236,20211231,2021,INDL,C,D,STD,MSBI,USD,A,4010
187253,20211231,2021,INDL,C,D,STD,RM,USD,A,4020
187363,20211231,2021,INDL,C,D,STD,GRPN,USD,A,2550
187368,20210331,2020,INDL,C,D,STD,VTGN,USD,A,3520
187406,20211231,2021,INDL,C,D,STD,AMCX,USD,A,5020
187450,20211231,2021,INDL,C,D,STD,ENPH,USD,A,4530
187550,20211231,2021,INDL,C,D,STD,ASPN,USD,A,1510
187575,20210131,2020,INDL,C,D,STD,TLYS,USD,A,2550
187576,20211231,2021,INDL,C,D,STD,ZNGA,USD,A,5020
187690,20211231,2021,INDL,C,D,STD,HTA,USD,A,6010
187692,20211231,2021,INDL,C,D,STD,REGI,USD,A,1010
187696,20211231,2021,INDL,C,D,STD,PRLB,USD,A,2010
187697,20211231,2021,INDL,C,D,STD,EPAM,USD,A,4510
187740,20210930,2021,INDL,C,D,STD,MTSI,USD,A,4530
187775,20211231,2021,INDL,C,D,STD,CHUY,USD,A,2530
187812,20211231,2021,INDL,C,D,STD,MTDR,USD,A,1010
187959,20211231,2021,INDL,C,D,STD,BCOV,USD,A,4510
187961,20211231,2021,INDL,C,D,STD,LPI,USD,A,1010
188255,20211231,2021,INDL,C,D,STD,FBHS,USD,A,2010
189459,20211231,2021,INDL,C,D,STD,CG,USD,A,4020
189491,20211231,2021,INDL,C,D,STD,XYL,USD,A,2010
189516,20211231,2021,INDL,C,D,STD,ACRE,USD,A,4020
189517,20211231,2021,INDL,C,D,STD,ENVA,USD,A,4020
190355,20211231,2021,INDL,C,D,STD,AXGN,USD,A,3510
190455,20210731,2021,INDL,C,D,STD,GWRE,USD,A,4510
190856,20211231,2021,INDL,C,D,STD,TNXP,USD,A,3520
190963,20211231,2021,INDL,C,D,STD,NBHC,USD,A,4010
192255,20211231,2021,INDL,C,D,STD,ACHC,USD,A,3510
196055,20211231,2021,INDL,C,D,STD,CLVS,USD,A,3520
196159,20211231,2021,INDL,C,D,STD,PBF,USD,A,1010
196268,20211231,2021,INDL,C,D,STD,YELP,USD,A,5020
199356,20211231,2021,INDL,C,D,STD,TRIP,USD,A,5020
245918,20211231,2021,INDL,C,D,STD,IGT,USD,A,2530
258869,20211231,2021,INDL,C,D,STD,TPH,USD,A,2520
260751,20211231,2021,INDL,C,D,STD,NTB,USD,A,4010
260893,20211231,2021,INDL,C,D,STD,BLKB,USD,A,4510
263277,20211231,2021,INDL,C,D,STD,TRTN,USD,A,2010
264265,20211231,2021,INDL,C,D,STD,ALNY,USD,A,3520
264385,20211231,2021,INDL,C,D,STD,NUVA,USD,A,3510
264387,20210531,2020,INDL,C,D,STD,ANGO,USD,A,3510
264416,20211231,2021,INDL,C,D,STD,UCTT,USD,A,4530
266214,20211231,2021,INDL,C,D,STD,CNS,USD,A,4020
266315,20211231,2021,INDL,C,D,STD,KRG,USD,A,6010
294524,20211231,2021,INDL,C,D,STD,LYB,USD,A,1510
312009,20211231,2021,INDL,C,D,STD,FRO,USD,A,1010
316056,20211231,2021,INDL,C,D,STD,ALLE,USD,A,2010
317264,20210331,2020,INDL,C,D,STD,LPG,USD,A,1010
